date,000312.OF,002236.OF,003194.OF,004195.OF,004409.OF,004744.OF,005562.OF,164304.OF,690008.OF,,-0.325910697,0.463554316
2015/4/30,0.045014471,,,,,,,,0.098608266,,0.137643619,
2015/5/4,0.045231557,,,,,,,,0.102102161,,,
2015/5/5,0.040681697,,,,,,,,0.121812375,,,
2015/5/6,0.043853936,,,,,,,,0.09821606,,,
2015/5/7,0.062848928,,,,,,,,0.145193725,,,
2015/5/8,0.073698998,,,,,,,,0.172207978,,,
2015/5/11,0.072758505,,,,,,,,0.159015054,,,
2015/5/12,0.073919093,,,,,,,,0.172455904,,,
2015/5/13,0.075936267,,,,,,,,0.184839115,,,
2015/5/14,0.076244081,,,,,,,,0.251056117,,,
2015/5/15,0.06997893,,,,,,,,0.319036235,,,
2015/5/18,0.073236979,,,,,,,,0.258891132,,,
2015/5/19,0.070552995,,,,,,,,0.261835812,,,
2015/5/20,0.073809255,,,,,,,,0.262142767,,,
2015/5/21,0.071835243,,,,,,,,0.258520309,,,
2015/5/22,0.090480298,,,,,,,,0.190201224,,,
2015/5/25,0.094180862,,,,,,,,0.251540739,,,
2015/5/26,0.092647246,,,,,,,,0.250190205,,,
2015/5/27,0.095700418,,,,,,,,0.338086655,,,
2015/5/28,0.095515761,,,,,,,,0.348541476,,,
2015/5/29,0.091383985,,,,,,,,0.34570253,,,
2015/6/1,0.092800335,,,,,,,,0.342615136,,,
2015/6/2,0.092951348,,,,,,,,0.361301564,,,
2015/6/3,0.092802569,,,,,,,,0.360911266,,,
2015/6/4,0.089570467,,,,,,,,0.403183446,,,
2015/6/5,0.08950363,,,,,,,,0.403864884,,,
2015/6/8,0.075739391,,,,,,,,0.105972634,,,
2015/6/9,0.079984159,,,,,,,,-0.033517154,,,
2015/6/10,0.062976639,,,,,,,,0.026925409,,,
2015/6/11,0.064577356,,,,,,,,0.009265999,,,
2015/6/12,0.064651408,,,,,,,,0.015025594,,,
2015/6/15,0.064584597,,,,,,,,0.015090426,,,
2015/6/16,0.056379197,,,,,,,,0.047268229,,,
2015/6/17,0.056427973,,,,,,,,0.033515501,,,
2015/6/18,0.056477601,,,,,,,,-0.007302516,,,
2015/6/19,0.063125784,,,,,,,,-0.022191754,,,
2015/6/23,0.069525421,,,,,,,,-0.055830109,,,
2015/6/24,0.070441576,,,,,,,,-0.045849296,,,
2015/6/25,0.070935761,,,,,,,,-0.030437614,,,
2015/6/26,0.071365913,,,,,,,,-0.026726739,,,
2015/6/29,0.02260548,,,,,,,,0.050684807,,,
2015/6/30,0.006619649,,,,,,,,0.111798693,,,
2015/7/1,0.010784071,,,,,,,,0.111215427,,,
2015/7/2,0.0321601,,,,,,,,0.027449566,,,
2015/7/3,0.024973352,,,,,,,,0.073096595,,,
2015/7/6,0.035472241,,,,,,,,0.085428141,,,
2015/7/7,0.060494393,,,,,,,,0.076146531,,,
2015/7/8,0.090518754,,,,,,,,0.141292609,,,
2015/7/9,0.075102217,,,,,,,,0.017132347,,,
2015/7/10,0.068986806,,,,,,,,-0.034063264,,,
2015/7/13,0.074348795,,,,,,,,-0.045467353,,,
2015/7/14,0.076621246,,,,,,,,-0.161834945,,,
2015/7/15,0.062735517,,,,,,,,-0.133163989,,,
2015/7/16,0.05931833,,,,,,,,-0.142273005,,,
2015/7/17,0.015551771,,,,,,,,-0.143949141,,,
2015/7/20,0.01548324,,,,,,,,-0.142623222,,,
2015/7/21,0.015181576,,,,,,,,-0.144676541,,,
2015/7/22,0.015964249,,,,,,,,-0.143353408,,,
2015/7/23,0.016121316,,,,,,,,-0.14384073,,,
2015/7/24,0.005335258,,,,,,,,-0.116043564,,,
2015/7/27,0.012966153,,,,,,,,-0.079473934,,,
2015/7/28,0.023114439,,,,,,,,-0.211320689,,,
2015/7/29,0.015979289,,,,,,,,-0.260858987,,,
2015/7/30,0.012363813,,,,,,,,-0.266172855,,,
2015/7/31,0.018308918,,,,,,,,-0.263758108,,,
2015/8/3,0.01894752,,,,,,,,-0.297414614,,,
2015/8/4,0.016076859,,,,,,,,-0.312236659,,,
2015/8/5,0.017215193,,,,,,,,-0.331336941,,,
2015/8/6,0.016567933,,,,,,,,-0.311518227,,,
2015/8/7,0.011348076,,,,,,,,-0.315900482,,,
2015/8/10,0.012048286,,,,,,,,-0.34212311,,,
2015/8/11,0.005230982,,,,,,,,-0.299431774,,,
2015/8/12,0.012220366,,,,,,,,-0.277393372,,,
2015/8/13,0.014110619,,,,,,,,-0.285640114,,,
2015/8/14,0.011269323,,,,,,,,-0.228980633,,,
2015/8/17,0.008211514,,,,,,,,-0.220382653,,,
2015/8/18,0.007648823,,,,,,,,-0.220254451,,,
2015/8/19,0.006327169,,,,,,,,-0.220050125,,,
2015/8/20,0.010820635,,,,,,,,-0.196583527,,,
2015/8/21,0.017632504,,,,,,,,-0.221775797,,,
2015/8/24,0.001271924,,,,,,,,-0.211266008,,,
2015/8/25,-0.004591162,,,,,,,,-0.155198629,,,
2015/8/26,0.026115977,,,,,,,,-0.539049944,,,
2015/8/27,-0.006163076,,,,,,,,-0.53256648,,,
2015/8/28,0.008718579,,,,,,,,-0.590067522,,,
2015/8/31,0.012802458,,,,,,,,-0.560542212,,,
2015/9/1,-0.010433718,,,,,,,,-0.412733745,,,
2015/9/2,-0.021059053,,,,,,,,-0.52375645,,,
2015/9/7,-0.028511607,,,,,,,,-0.52620188,,,
2015/9/8,-0.023331664,,,,,,,,-0.516193418,,,
2015/9/9,-0.023265538,,,,,,,,-0.516148522,,,
2015/9/10,-0.009021055,,,,,,,,-0.476889304,,,
2015/9/11,-0.008916363,,,,,,,-0.004477788,-0.477429184,,,
2015/9/14,0.022591351,,,,,,,-0.005323392,-0.507141803,,,
2015/9/15,0.028495073,,,,,,,-0.043872634,-0.537265181,,,
2015/9/16,0.023313445,,,,,,,-0.027008074,-0.533714156,,,
2015/9/17,0.023623055,,,,,,,-0.045215665,-0.533949508,,,
2015/9/18,0.023130575,,,,,,,-0.017801218,-0.524122775,,,
2015/9/21,0.024687951,,,,,,,0.079325362,-0.520085548,,,
2015/9/22,0.022569043,,,,,,,0.130578502,-0.524285834,,,
2015/9/23,0.015183617,,,,,,,0.122914063,-0.545756915,,,
2015/9/24,0.014522499,,,,,,,0.123921421,-0.549252104,,,
2015/9/25,0.012683401,,,,,,,0.194452833,-0.542760434,,,
2015/9/28,0.013278112,,,,,,,0.167760511,-0.550460988,,,
2015/9/29,0.011640981,,,,,,,0.174890196,-0.540747738,,,
2015/9/30,0.017072596,,,,,,,0.170113261,-0.534916716,,,
2015/10/8,0.018277832,,,,,,,0.142439785,-0.527093965,,,
2015/10/9,0.020066479,,,,,,,0.129390784,-0.522320022,,,
2015/10/12,0.01975793,,,,,,,0.138409415,-0.516693857,,,
2015/10/13,0.019504065,,,,,,,0.134495055,-0.519318055,,,
2015/10/14,0.022169343,,,,,,,0.117587041,-0.538721988,,,
2015/10/15,0.025840898,,,,,,,0.084694702,-0.558737578,,,
2015/10/16,0.025922028,,,,,,,0.078575172,-0.558332918,,,
2015/10/19,0.023104734,,,,,,,0.123571393,-0.553292823,,,
2015/10/20,0.035193931,,,,,,,0.107282472,-0.535731364,,,
2015/10/21,0.06755329,,,,,,,0.203340176,-0.489333153,,,
2015/10/22,0.073333196,,,,,,,0.2342052,-0.497454381,,,
2015/10/23,0.094872892,,,,,,,0.236371497,-0.454772277,,,
2015/10/26,0.098229154,,,,,,,0.042914776,-0.412211705,,,
2015/10/27,0.10387643,,,,,,,0.085068617,-0.409103217,,,
2015/10/28,0.104720478,,,,,,,0.080866221,-0.410726445,,,
2015/10/29,0.104202305,,,,,,,0.084083868,-0.408779872,,,
2015/10/30,0.106730524,,,,,,,0.096508049,-0.42349097,,,
2015/11/2,0.106806219,,,,,,,0.09551043,-0.423422734,,,
2015/11/3,0.108944862,,,,,,,0.100637138,-0.440869182,,,
2015/11/4,0.101790572,,,,,,,0.045088637,-0.454412298,,,
2015/11/5,0.062580687,,,,,,,0.039773045,-0.405781263,,,
2015/11/6,0.0702419,,,,,,,0.017138714,-0.401273998,,,
2015/11/9,0.024418115,,,,,,,0.105597927,-0.376282925,,,
2015/11/10,0.005069172,,,,,,,0.063673075,-0.586430195,,,
2015/11/11,0.002502159,,,,,,,0.065737174,-0.605892295,,,
2015/11/12,0.002272296,,,,,,,0.070047216,-0.599044566,,,
2015/11/13,0.005749007,,,,,,,0.077976625,-0.561687295,,,
2015/11/16,0.005055749,,,,,,,0.074650417,-0.540485528,,,
2015/11/17,-0.000664405,,,,,,,0.080607752,-0.538312168,,,
2015/11/18,-0.003352471,,,,,,,0.082223133,-0.540716162,,,
2015/11/19,-0.025695441,,,,,,,0.071136838,-0.544294752,,,
2015/11/20,-0.023718347,,,,,,,0.080900459,-0.545628687,,,
2015/11/23,-0.049018368,,,,,,,0.081880872,-0.488135246,,,
2015/11/24,-0.058507965,,,,,,,0.094920517,-0.466872312,,,
2015/11/25,-0.058185697,,,,,,,0.095031689,-0.464164966,,,
2015/11/26,-0.058463228,,,,,,,0.035961719,-0.577451509,,,
2015/11/27,-0.032156413,,,,,,,0.045316984,-0.586478122,,,
2015/11/30,-0.042175467,,,,,,,0.006981086,-0.663992952,,,
2015/12/1,-0.052473573,,,,,,,0.041013288,-0.614265022,,,
2015/12/2,-0.052701361,,,,,,,0.031602675,-0.614161071,,,
2015/12/3,-0.080131936,,,,,,,0.033907643,-0.595077426,,,
2015/12/4,-0.091966148,,,,,,,0.063339723,-0.583335367,,,
2015/12/7,-0.095148919,,,,,,,0.064003342,-0.578151645,,,
2015/12/8,-0.090245673,,,,,,,0.061539727,-0.575437331,,,
2015/12/9,-0.090274938,,,,,,,0.059358037,-0.574336414,,,
2015/12/10,-0.095446748,,,,,,,0.019788902,-0.577058311,,,
2015/12/11,-0.092961389,,,,,,,0.027310868,-0.613389199,,,
2015/12/14,-0.099267824,,,,,,,0.05957822,-0.591750313,,,
2015/12/15,-0.11349802,,,,,,,0.025696842,-0.640652566,,,
2015/12/16,-0.108742682,,,,,,,0.047417133,-0.609168112,,,
2015/12/17,-0.110362015,,,,,,,0.040895846,-0.636736352,,,
2015/12/18,-0.110590937,,,,,,,0.041386163,-0.635183094,,,
2015/12/21,-0.109828064,,,,,,,0.042194094,-0.629195499,,,
2015/12/22,-0.11000747,,,,,,,-0.017220823,-0.661452755,,,
2015/12/23,-0.106066088,,,,,,,0.026419616,-0.676841632,,,
2015/12/24,-0.108605452,,,,,,,0.01875618,-0.660722359,,,
2015/12/25,-0.108575439,,,,,,,0.01727635,-0.660158172,,,
2015/12/28,-0.112176805,,,,,,,0.006525544,-0.659894614,,,
2015/12/29,-0.120958981,,,,,,,-0.018382683,-0.664964526,,,
2015/12/30,-0.120967954,,,,,,,-0.015997568,-0.665881229,,,
2015/12/31,-0.12861968,,,,,,,-0.040024639,-0.667059322,,,
2016/1/4,-0.129215714,,,,,,,-0.04097371,-0.667329,,,
2016/1/5,-0.129367709,,,,,,,-0.047424985,-0.657963271,,,
2016/1/6,-0.128819077,,,,,,,-0.093610099,-0.617735403,,,
2016/1/7,-0.122308479,,,,,,,-0.085230066,-0.627962314,,,
2016/1/8,-0.117389774,,,,,,,-0.078594434,-0.629881969,,,
2016/1/11,-0.090568809,,,,,,,-0.059231922,-0.613633682,,,
2016/1/12,-0.096766631,,,,,,,-0.050827502,-0.630275979,,,
2016/1/13,-0.092351256,,,,,,,-0.125727592,-0.618479885,,,
2016/1/14,-0.095369669,,,,,,,-0.125735802,-0.618692736,,,
2016/1/15,-0.094007195,,,,,,,-0.125231862,-0.619030986,,,
2016/1/18,-0.095913767,,,,,,,-0.093307308,-0.600604812,,,
2016/1/19,-0.088263056,,,,,,,-0.113317047,-0.595113312,,,
2016/1/20,-0.074612439,,,,,,,-0.09309435,-0.581821685,,,
2016/1/21,-0.080145936,,,,,,,-0.191409417,-0.54915295,,,
2016/1/22,-0.061636397,,,,,,,-0.216680456,-0.551666921,,,
2016/1/25,-0.059872547,,,,,,,-0.2167481,-0.550924804,,,
2016/1/26,-0.064411798,,,,,,,-0.216880501,-0.550550281,,,
2016/1/27,-0.069716081,,,,,,,-0.230132961,-0.537282931,,,
2016/1/28,-0.063280291,,,,,,,-0.153423072,-0.582633817,,,
2016/1/29,-0.073025937,,,,,,,-0.182320373,-0.543670478,,,
2016/2/1,-0.077930138,,,,,,,-0.179098215,-0.53681871,,,
2016/2/2,-0.077141187,,,,,,,-0.184165299,-0.533745499,,,
2016/2/3,-0.077352554,,,,,,,-0.178315431,-0.533874628,,,
2016/2/4,-0.078234223,,,,,,,-0.180888551,-0.554134707,,,
2016/2/5,-0.083357486,,,,,,,-0.178485595,-0.553979799,,,
2016/2/15,-0.085556126,,,,,,,-0.208443548,-0.59292413,,,
2016/2/16,-0.088045451,,,,,,,-0.210963864,-0.628832256,,,
2016/2/17,-0.103381369,,,,,,,-0.192834165,-0.604416227,,,
2016/2/18,-0.095995133,,,,,,,-0.201129555,-0.589797887,,,
2016/2/19,-0.095826086,,,,,,,-0.20112815,-0.590194279,,,
2016/2/22,-0.095609188,,,,,,,-0.19934612,-0.603158017,,,
2016/2/23,-0.105911357,,,,,,,-0.261113095,-0.545596017,,,
2016/2/24,-0.113351786,,,,,,,-0.253113361,-0.408408475,,,
2016/2/25,-0.118660925,,,,,,,-0.214224713,-0.347368197,,,
2016/2/26,-0.116321559,,,,,,,-0.201137096,-0.31386072,,,
2016/2/29,-0.116349821,,,,,,,-0.22386713,-0.310611684,,,
2016/3/1,-0.106229173,,,,,,,-0.245515424,-0.263709908,,,
2016/3/2,-0.106219001,,,,,,,-0.247597724,-0.252193635,,,
2016/3/3,-0.10520411,,,,,,,-0.253782252,-0.250385538,,,
2016/3/4,-0.095012605,,,,,,,-0.256785694,-0.25210022,,,
2016/3/7,-0.082755727,,,,,,,-0.25626535,-0.261550434,,,
2016/3/8,-0.081258571,,,,,,,-0.271739656,-0.339816809,,,
2016/3/9,-0.087422683,,,,,,,-0.267764449,-0.362078454,,,
2016/3/10,-0.09144865,,,,,,,-0.286231429,-0.408702534,,,
2016/3/11,-0.084931779,,,,,,,-0.281240634,-0.420660581,,,
2016/3/14,-0.082192852,,,,,,,-0.282294765,-0.421088628,,,
2016/3/15,-0.079476608,,,,,,,-0.28331456,-0.41927901,,,
2016/3/16,-0.132597218,,,,,,,-0.312039977,-0.36391536,,,
2016/3/17,-0.162956859,,,,,,,-0.337206734,-0.386331726,,,
2016/3/18,-0.167666778,,,,,,,-0.325506625,-0.391757522,,,
2016/3/21,-0.189211104,,,,,,,-0.29291875,-0.33480769,,,
2016/3/22,-0.213003269,,,,,,,-0.248293386,-0.302218232,,,
2016/3/23,-0.212952107,,,,,,,-0.248172188,-0.301586702,,,
2016/3/24,-0.23352623,,,,,,,-0.234410138,-0.337611565,,,
2016/3/25,-0.238361635,,,,,,,-0.215563242,-0.331706396,,,
2016/3/28,-0.237770315,,,,,,,-0.21055519,-0.308501842,,,
2016/3/29,-0.237645865,,,,,,,-0.193428603,-0.326767172,,,
2016/3/30,-0.254109032,,,,,,,-0.167465738,-0.363821909,,,
2016/3/31,-0.253996067,,,,,,,-0.168248198,-0.353559054,,,
2016/4/1,-0.263763763,,,,,,,-0.162394446,-0.38086955,,,
2016/4/5,-0.263507283,,,,,,,-0.16216391,-0.378333211,,,
2016/4/6,-0.273498205,,,,,,,-0.152430554,-0.382246996,,,
2016/4/7,-0.284537934,,,,,,,-0.152656632,-0.387768583,,,
2016/4/8,-0.284664927,,,,,,,-0.152455405,-0.386843768,,,
2016/4/11,-0.281764055,,,,,,,-0.152053638,-0.379298548,,,
2016/4/12,-0.284746453,,,,,,,-0.147615709,-0.376953915,,,
2016/4/13,-0.285558052,,,,,,,-0.147918827,-0.36609486,,,
2016/4/14,-0.274320581,,,,,,,-0.151664113,-0.290607809,,,
2016/4/15,-0.277752751,,,,,,,-0.154024894,-0.286530566,,,
2016/4/18,-0.279250584,,,,,,,-0.148071211,-0.295252379,,,
2016/4/19,-0.279679577,,,,,,,-0.130632558,-0.292287301,,,
2016/4/20,-0.326296973,,,,,,,-0.133596181,-0.303887331,,,
2016/4/21,-0.373676278,,,,,,,-0.125345234,-0.2743381,,,
2016/4/22,-0.373292936,,,,,,,-0.132227483,-0.314796854,,,
2016/4/25,-0.372914334,,,,,,,-0.137045666,-0.323401366,,,
2016/4/26,-0.368414296,,,,,,,-0.134530092,-0.31894122,,,
2016/4/27,-0.374161327,,,,,,,-0.139057556,-0.322270251,,,
2016/4/28,-0.368920139,,,,,,,-0.154696356,-0.303203661,,,
2016/4/29,-0.368360562,,,,,,,-0.154899766,-0.307501156,,,
2016/5/3,-0.366606455,,,,,,,-0.15057195,-0.318053785,,,
2016/5/4,-0.364852138,,,,,,,-0.152915252,-0.274580847,,,
2016/5/5,-0.364987805,,,,,,,-0.150221688,-0.251008422,,,
2016/5/6,-0.354264633,,,,,,,-0.174722701,-0.255388604,,,
2016/5/9,-0.346931408,,,,,,,-0.174513625,-0.258101663,,,
2016/5/10,-0.34431501,,,,,,,-0.174087311,-0.256673005,,,
2016/5/11,-0.344258652,,,,,,,-0.175661973,-0.25619305,,,
2016/5/12,-0.344849727,,,,,,,-0.167176324,-0.244052769,,,
2016/5/13,-0.333296356,,,,,,,-0.17686132,-0.243365925,,,
2016/5/16,-0.33346634,,,,,,,-0.172687858,-0.244908626,,,
2016/5/17,-0.336523603,,,,,,,-0.161133183,-0.245227573,,,
2016/5/18,-0.32793129,,,,,,,-0.201276428,-0.19510333,,,
2016/5/19,-0.324791787,,,,,,,-0.198733344,-0.125883128,,,
2016/5/20,-0.325169614,,,,,,,-0.198530601,-0.133207098,,,
2016/5/23,-0.322618845,,,,,,,-0.20473223,-0.133310816,,,
2016/5/24,-0.320940798,,,,,,,-0.223632296,-0.145947214,,,
2016/5/25,-0.320407495,,,,,,,-0.216078151,-0.137233363,,,
2016/5/26,-0.325781939,,,,,,,-0.204680095,-0.038649552,,,
2016/5/27,-0.327454791,,,,,,,-0.206110265,-0.017953222,,,
2016/5/30,-0.330162362,,,,,,,-0.225218707,-0.009837693,,,
2016/5/31,-0.325441459,,,,,,,-0.231061399,0.003454427,,,
2016/6/1,-0.326975739,,,,,,,-0.232503076,-0.000955515,,,
2016/6/2,-0.325447542,,,,,,,-0.232294648,0.001870969,,,
2016/6/3,-0.295715874,,,,,,,-0.240775018,-0.050321316,,,
2016/6/6,-0.283795899,,,,,,,-0.241133079,-0.100360438,,,
2016/6/7,-0.281365005,,,,,,,-0.239932596,-0.105703478,,,
2016/6/8,-0.283113892,,,,,,,-0.243005406,-0.104169066,,,
2016/6/13,-0.283071217,,,,,,,-0.246569931,-0.153545699,,,
2016/6/14,-0.289743109,,,,,,,-0.247295498,-0.200614188,,,
2016/6/15,-0.303870463,,,,,,,-0.246746177,-0.179244265,,,
2016/6/16,-0.306196812,,,,,,,-0.247323349,-0.186688323,,,
2016/6/17,-0.303800701,,,,,,,-0.269352342,-0.196736584,,,
2016/6/20,-0.308498048,,,,,,,-0.201476986,-0.246078032,,,
2016/6/21,-0.31191259,,,,,,,-0.153993264,-0.263156724,,,
2016/6/22,-0.313812425,,,,,,,-0.13587004,-0.233657485,,,
2016/6/23,-0.315629332,,,,,,,-0.138991471,-0.230468625,,,
2016/6/24,-0.313842408,,,,,,,-0.119638824,-0.247981226,,,
2016/6/27,-0.316739746,,,,,,,-0.096611779,-0.275719363,,,
2016/6/28,-0.318309646,,,,,,,-0.08566372,-0.262011545,,,
2016/6/29,-0.317985459,,,,,,,-0.081759488,-0.278688358,,,
2016/6/30,-0.317077514,,,,,,,-0.070909991,-0.325279343,,,
2016/7/1,-0.317119632,,,,,,,-0.070386314,-0.328782541,,,
2016/7/4,-0.31670106,,,,,,,-0.064917693,-0.31635462,,,
2016/7/5,-0.304494529,,,,,,,-0.08450526,-0.212716414,,,
2016/7/6,-0.285444852,,,,,,,-0.152090401,-0.084141973,,,
2016/7/7,-0.287074651,,,,,,,-0.165006916,-0.102929462,,,
2016/7/8,-0.284847061,,,,,,,-0.154095561,-0.015410939,,,
2016/7/11,-0.291436617,,,,,,,-0.148552922,0.015439922,,,
2016/7/12,-0.26596774,,,,,,,-0.164003873,-0.081817639,,,
2016/7/13,-0.26764123,,,,,,,-0.201051007,-0.094007033,,,
2016/7/14,-0.274008501,,,,,,,-0.209811662,-0.1106971,,,
2016/7/15,-0.263536975,,,,,,,-0.17453521,-0.095261064,,,
2016/7/18,-0.259238078,,,,,,,-0.157986539,-0.08999133,,,
2016/7/19,-0.251541506,,,,,,,-0.157555232,-0.115726255,,,
2016/7/20,-0.244405166,,,,,,,-0.168944068,-0.130987807,,,
2016/7/21,-0.245657122,,,,,,,-0.160628576,-0.131858527,,,
2016/7/22,-0.235203363,,,,,,,-0.156713098,-0.141218531,,,
2016/7/25,-0.227525635,,,,,,,-0.142033489,-0.166565645,,,
2016/7/26,-0.227577257,,,,,,,-0.145141465,-0.137179648,,,
2016/7/27,-0.234309376,,,,,,,-0.122838591,-0.065577899,,,
2016/7/28,-0.244050357,,,,,,,-0.101768131,-0.045602557,,,
2016/7/29,-0.254448831,,,,,,,-0.100653257,-0.040139054,,,
2016/8/1,-0.254493215,,,,,,,-0.10066136,-0.038472481,,,
2016/8/2,-0.254230315,,,,,,,-0.100553723,-0.032506072,,,
2016/8/3,-0.251206561,,,,,,,-0.096181473,-0.028067894,,,
2016/8/4,-0.250632032,,,,,,,-0.097935621,-0.029572138,,,
2016/8/5,-0.248460576,,,,,,,-0.104187683,-0.034876465,,,
2016/8/8,-0.247837599,,,,,,,-0.104231222,-0.034598685,,,
2016/8/9,-0.241851259,,,,,,,-0.097015719,-0.020854697,,,
2016/8/10,-0.241634463,,,,,,,-0.084717267,-0.075278572,,,
2016/8/11,-0.241249351,,,,,,,-0.084731969,-0.068720298,,,
2016/8/12,-0.239475956,,,,,,,-0.06751274,-0.080490057,,,
2016/8/15,-0.22963033,,,,,,,-0.052010233,-0.084270018,,,
2016/8/16,-0.224886019,,,,,,,-0.09027384,-0.142160911,,,
2016/8/17,-0.210723251,,,,,,,-0.112042204,-0.181854313,,,
2016/8/18,-0.207599255,,,,,,,-0.113574126,-0.177537682,,,
2016/8/19,-0.207279369,,,,,,,-0.11471628,-0.178685069,,,
2016/8/22,-0.196317389,,,,,,,-0.126628804,-0.184704323,,,
2016/8/23,-0.203982539,,,,,,,-0.115146307,-0.189974524,,,
2016/8/24,-0.204005503,,,,,,,-0.114741747,-0.205797973,,,
2016/8/25,-0.203177405,,,,,,,-0.114786199,-0.205182231,,,
2016/8/26,-0.200072195,,,,,,,-0.121510728,-0.210905111,,,
2016/8/29,-0.199839251,,,,,,,-0.121985513,-0.20491405,,,
2016/8/30,-0.200695551,,,,,,,-0.13105243,-0.194524088,,,
2016/8/31,-0.202460704,,,,,,,-0.132755069,-0.195465514,,,
2016/9/1,-0.203471876,,,,,,,-0.12252547,-0.193006772,,,
2016/9/2,-0.202549725,,,,,,,-0.107392643,-0.180748411,,,
2016/9/5,-0.20439122,,,,,,,-0.105166639,-0.17400005,,,
2016/9/6,-0.211952052,,,,,,,-0.150377611,-0.150680807,,,
2016/9/7,-0.209615466,,,,,,,-0.139549849,-0.141024309,,,
2016/9/8,-0.185435184,,,,,,,-0.16532069,-0.127726327,,,
2016/9/9,-0.155394955,,,,,,,-0.120228506,-0.150956339,,,
2016/9/12,-0.148232837,,,,,,,-0.108583859,-0.172268423,,,
2016/9/13,-0.158977637,,,,,,,-0.144311439,-0.154416199,,,
2016/9/14,-0.167193173,,,,,,,-0.150658088,-0.183642823,,,
2016/9/19,-0.135605982,,,,,,,-0.124568841,-0.217362599,,,
2016/9/20,-0.137194564,,,,,,,-0.088002913,-0.226999339,,,
2016/9/21,-0.135150706,,,,,,,-0.08753329,-0.223581925,,,
2016/9/22,-0.151608469,,,,,,,-0.078678581,-0.245858187,,,
2016/9/23,-0.147280532,,,,,,,-0.094059372,-0.258289541,,,
2016/9/26,-0.144887649,,,,,,,-0.092968506,-0.266391509,,,
2016/9/27,-0.128294263,,,,,,,-0.113398478,-0.27594597,,,
2016/9/28,-0.133950865,,,,,,,-0.112939944,-0.278030997,,,
2016/9/29,-0.136299541,,,,,,,-0.113148877,-0.294063465,,,
2016/9/30,-0.134559629,,,,,,,-0.109719761,-0.294848017,,,
2016/10/10,-0.134535598,,,,,,,-0.109992859,-0.294080709,,,
2016/10/11,-0.129009332,,,,,,,-0.105603275,-0.315047274,,,
2016/10/12,-0.112994644,,,,,,,-0.101617151,-0.33049438,,,
2016/10/13,-0.096225008,,,,,,,-0.130329298,-0.281193852,,,
2016/10/14,-0.115164478,,,,,,,-0.143995785,-0.265137972,,,
2016/10/17,-0.094252179,,,,,,,-0.148345438,-0.206804513,,,
2016/10/18,-0.089505559,,,,,,,-0.149675716,-0.131925358,,,
2016/10/19,-0.087978358,,,,,,,-0.15810181,-0.11741444,,,
2016/10/20,-0.088071128,,,,,,,-0.158847013,-0.1162955,,,
2016/10/21,-0.075003506,,,,,,,-0.147603429,-0.10209582,,,
2016/10/24,-0.062397373,,,,,,,-0.145336808,0.01149569,,,
2016/10/25,-0.046329263,,,,,,,-0.155096326,0.024067027,,,
2016/10/26,-0.041097391,,,,,,,-0.149312293,0.116547483,,,
2016/10/27,-0.036332832,,,,,,,-0.16500966,0.103223566,,,
2016/10/28,-0.042730434,,,,,,,-0.161186225,0.187886089,,,
2016/10/31,-0.048948592,,,,,,,-0.155342418,0.188154476,,,
2016/11/1,-0.056540055,,,,,,,-0.148438493,0.16320329,,,
2016/11/2,-0.058260953,,,,,,,-0.143949108,0.149443919,,,
2016/11/3,0.006704333,,,,,,,-0.167217939,0.287233523,,,
2016/11/4,0.03555155,,,,,,,-0.160548885,0.348298101,,,
2016/11/7,0.038436333,,,,,,,-0.164730303,0.319357565,,,
2016/11/8,0.038315831,,,,,,,-0.166633508,0.299998153,,,
2016/11/9,0.037031297,,,,,,,-0.166852086,0.297186215,,,
2016/11/10,0.029244146,,,,,,,-0.168237047,0.307368437,,,
2016/11/11,0.025513245,,,,,,,-0.18675471,0.104343808,,,
2016/11/14,0.022428735,,,,,,,-0.182783651,0.070188139,,,
2016/11/15,0.038736288,,,,,,,-0.207011946,-0.026310017,,,
2016/11/16,0.035439297,,,,,,,-0.204355557,-0.020755072,,,
2016/11/17,0.030458438,,,,,,,-0.199505255,-0.003277669,,,
2016/11/18,0.022076401,,,,,,,-0.20973717,-0.041447336,,,
2016/11/21,0.013823195,,,,,,,-0.203516978,-0.050454611,,,
2016/11/22,0.013628568,,,,,,,-0.203530514,-0.048814439,,,
2016/11/23,0.009456469,,,,,,,-0.210297427,-0.007221886,,,
2016/11/24,0.034974407,,,,,,,-0.203669242,0.034656667,,,
2016/11/25,0.03457796,,,,,,,-0.20444762,0.027165947,,,
2016/11/28,0.091432679,,,,,,,-0.206584876,-0.123429935,,,
2016/11/29,0.082714914,,,,,,,-0.197311922,-0.196804166,,,
2016/11/30,0.08472399,,,,,,,-0.206808795,-0.212623722,,,
2016/12/1,0.08599539,,,,,,,-0.206477175,-0.225084603,,,
2016/12/2,0.087979873,,,,,,,-0.223361629,-0.226322256,,,
2016/12/5,0.105922302,,,,,,,-0.224753453,-0.17277949,,,
2016/12/6,0.127995566,,,,,,,-0.193441859,-0.098302015,,,
2016/12/7,0.125686698,,,,,,,-0.195561622,-0.110245572,,,
2016/12/8,0.111586422,,,,,,,-0.19871202,-0.111678229,,,
2016/12/9,0.11129366,,,,,,,-0.197729161,-0.088876778,,,
2016/12/12,0.118279449,,,,,,,-0.18665335,-0.08387133,,,
2016/12/13,0.119034805,,,,,,,-0.188276707,-0.081815197,,,
2016/12/14,0.120270567,,,,,,,-0.18955086,-0.080363268,,,
2016/12/15,0.107353923,,,,,,,-0.214729474,-0.00012203,,,
2016/12/16,0.109543134,,,,,,,-0.223467424,-0.018502369,,,
2016/12/19,0.101393781,,,,,,,-0.219768843,-0.01415455,,,
2016/12/20,0.103369585,,,,,,,-0.222571066,-0.033497544,,,
2016/12/21,0.101657896,,,,,,,-0.223379967,-0.032515026,,,
2016/12/22,0.099712366,,,,,,,-0.215474638,-0.035080198,,,
2016/12/23,0.096075288,,,,,,,-0.205703698,-0.037267438,,,
2016/12/26,0.097122768,,,,,,,-0.213615224,-0.051229321,,,
2016/12/27,0.096417046,,,,,,,-0.216221787,-0.056965453,,,
2016/12/28,0.093793134,,,,,,,-0.208592615,-0.043193441,,,
2016/12/29,0.090211383,,,,,,,-0.202324933,-0.04281196,,,
2016/12/30,0.093408664,,,,,,,-0.195286138,-0.057953561,,,
2017/1/3,0.109984633,,,,,,,-0.170355321,-0.040206644,,,
2017/1/4,0.108064928,,,,,,,-0.171019772,-0.033067901,,,
2017/1/5,0.10436001,,,,,,,-0.167870246,-0.024228754,,,
2017/1/6,0.105217176,,,,,,,-0.163283684,-0.025483959,,,
2017/1/9,0.104239555,,,,,,,-0.144838192,0.008199281,,,
2017/1/10,0.10278573,,,,,,,-0.153639749,0.125795082,,,
2017/1/11,0.10703804,,,,,,,-0.1506731,0.176940451,,,
2017/1/12,0.109736047,,,,,,,-0.144202717,0.143905011,,,
2017/1/13,0.109374908,,,,,,,-0.152204673,0.142798477,,,
2017/1/16,0.109416592,,,,,,,-0.14725108,0.153291543,,,
2017/1/17,0.106455416,,,,,,,-0.152057903,0.134788556,,,
2017/1/18,0.108175912,,,,,,,-0.146195462,0.131273603,,,
2017/1/19,0.111524472,,,,,,,-0.138191439,0.109043587,,,
2017/1/20,0.111428719,,,,,,,-0.135580505,0.108266762,,,
2017/1/23,0.109802714,,,,,,,-0.135002147,0.133544358,,,
2017/1/24,0.106060718,,,,,,,-0.130830027,0.122878957,,,
2017/1/25,0.103475471,,,,,,,-0.139059724,0.12499273,,,
2017/1/26,0.101923504,,,,,,,-0.134008284,0.092463295,,,
2017/2/3,0.111098605,0.66510849,,,,,,-0.143795703,0.158092287,,,
2017/2/6,0.111126387,0.642684254,,,,,,-0.137772229,0.171579607,,,
2017/2/7,0.112617608,0.64223952,,,,,,-0.140804508,0.176629946,,,
2017/2/8,0.11460987,0.645890677,,,,,,-0.142385812,0.173280314,,,
2017/2/9,0.113992414,0.644939452,,,,,,-0.139915574,0.173829569,,,
2017/2/10,0.12039415,0.64538433,,,,,,-0.143430603,0.179961223,,,
2017/2/13,0.123796356,0.646740232,,,,,,-0.142884619,0.189679925,,,
2017/2/14,0.120546622,0.642300051,,,,,,-0.14024176,0.188561333,,,
2017/2/15,0.107454431,0.650035396,,,,,,-0.128072543,0.123312371,,,
2017/2/16,0.097262083,0.687257861,,,,,,-0.125275112,0.037501844,,,
2017/2/17,0.096954449,0.688210847,,,,,,-0.125058413,0.016838481,,,
2017/2/20,0.129007974,0.697239213,,,,,,-0.134093529,-0.019454007,,,
2017/2/21,0.140547996,0.705733542,,,,,,-0.133688069,-0.033126377,,,
2017/2/22,0.140969936,0.677155982,,,,,,-0.131235399,-0.074632672,,,
2017/2/23,0.157909411,0.670486322,,,,,,-0.132734479,-0.180179673,,,
2017/2/24,0.154050249,0.641821928,,,,,,-0.13185786,-0.067603792,,,
2017/2/27,0.162306519,0.641680955,,,,,,-0.112045024,-0.030802114,,,
2017/2/28,0.162679786,0.655746893,,,,,,-0.108458838,-0.030096068,,,
2017/3/1,0.160319137,0.655068257,,,,,,-0.106966684,-0.035449696,,,
2017/3/2,0.132097099,0.660984244,,,,,,-0.075949197,-0.035508176,,,
2017/3/3,0.131168272,0.633364342,,,,,,-0.056472154,0.041816324,,,
2017/3/6,0.145730084,0.62235821,,,,,,-0.057373081,0.065930864,,,
2017/3/7,0.120291733,0.598013056,,,,,,-0.065034167,0.018680088,,,
2017/3/8,0.137509114,0.627276427,,,,,,-0.078580629,-0.07223928,,,
2017/3/9,0.128889635,0.621991764,,,,,,-0.078023851,-0.075623381,,,
2017/3/10,0.131026498,0.601150367,,,,,,-0.055985809,0.041395426,,,
2017/3/13,0.130336763,0.598817522,,,,,,-0.060037825,0.043693903,,,
2017/3/14,0.145587604,0.606215549,,,,,,-0.056538925,0.06133088,,,
2017/3/15,0.157401613,0.604585224,,,,,,-0.042659877,0.070865355,,,
2017/3/16,0.20435859,0.595614318,,,,,,-0.019198934,0.074044973,,,
2017/3/17,0.204376365,0.597813185,,,,,,-0.026259881,0.053057152,,,
2017/3/20,0.239131874,0.610284661,,,,,,0.034435832,0.148998236,,,
2017/3/21,0.217268792,0.61698754,,,,,,0.021717568,0.17636923,,,
2017/3/22,0.22279517,0.630123626,,,,,,0.036813658,0.14903648,,,
2017/3/23,0.222521046,0.621785867,,,,,,0.039644036,0.148440971,,,
2017/3/24,0.221942031,0.617691484,,,,,,0.042372364,0.168633814,,,
2017/3/27,0.227168528,0.617219305,,,,,,0.041018765,0.176051577,,,
2017/3/28,0.225302051,0.617837483,,,,,,0.038291055,0.173357077,,,
2017/3/29,0.223595482,0.626352847,,,,,,0.025808021,0.183880981,,,
2017/3/30,0.222113575,0.623684088,,,,,,0.033664979,0.177099738,,,
2017/3/31,0.219659952,0.612727548,,,,,,0.020548572,0.278394153,,,
2017/4/5,0.184949013,0.615689652,,,,,,-0.033672289,0.254332074,,,
2017/4/6,0.185604215,0.618301384,,,,,,-0.043562783,0.231317817,,,
2017/4/7,0.184535456,0.605398195,,,,,,-0.009851839,0.246996382,,,
2017/4/10,0.184951687,0.606033451,,,,,,-0.009444126,0.279396598,,,
2017/4/11,0.194340916,0.609689497,,,,,,0.012380301,0.276863925,,,
2017/4/12,0.166281242,0.5765361,,,,,,-0.072309795,0.414198262,,,
2017/4/13,0.147477573,0.57234061,,,,,,-0.124959611,0.411790847,,,
2017/4/14,0.154222401,0.569043158,,,,,,-0.116231761,0.40535995,,,
2017/4/17,0.155905813,0.580125942,,,,,,-0.121983195,0.372488084,,,
2017/4/18,0.120143387,0.610345274,,,,,,-0.102590892,0.353147687,,,
2017/4/19,0.132300938,0.615965579,,,,,,-0.074618511,0.279874072,,,
2017/4/20,0.12867571,0.625564033,,,,,,-0.048499778,0.264195586,,,
2017/4/21,0.081352635,0.630413216,,,,,,-0.076493494,0.318923529,,,
2017/4/24,0.07383525,0.641244153,,,,,,-0.064360282,0.261077976,,,
2017/4/25,0.018926809,0.646645657,,,,,,-0.06644677,0.228369343,,,
2017/4/26,0.003166769,0.650044096,,,,,,-0.048117056,0.260439841,,,
2017/4/27,0.00549005,0.63140046,,,,,,-0.052817303,0.254333173,,,
2017/4/28,0.011686614,0.645959661,,,,,,-0.050161317,0.274490263,,,
2017/5/2,0.010900098,0.64971253,,,,,,-0.050107501,0.275014767,,,
2017/5/3,0.005747773,0.674927717,,,,,,-0.059782421,0.282151499,,,
2017/5/4,0.005195776,0.644918172,,,,,,-0.061832648,0.30354369,,,
2017/5/5,0.003750294,0.638538638,,,,,,-0.0795701,0.356368403,,,
2017/5/8,0.000891711,0.607895553,,,,,,-0.082350609,0.351420465,,,
2017/5/9,-0.004854031,0.602736018,,,,,,-0.09421663,0.350784682,,,
2017/5/10,0.001371469,0.600693246,,,,,,-0.098801441,0.336238464,,,
2017/5/11,0.001347922,0.685025744,,,,,,-0.110006708,0.319443843,,,
2017/5/12,-0.001211198,0.710885131,,,,,,-0.111441877,0.308087203,,,
2017/5/15,0.001548999,0.711281985,,,,,,-0.1097074,0.301818953,,,
2017/5/16,0.000937873,0.702501399,,,,,,-0.116167874,0.302166491,,,
2017/5/17,0.033434675,0.484436471,,,,,,-0.106907838,0.385092338,,,
2017/5/18,0.0633711,0.318088557,,,,,,-0.147139303,0.387391896,,,
2017/5/19,0.066061456,0.30926888,,,,,,-0.149968545,0.387893427,,,
2017/5/22,0.066644533,0.277269831,,,,,,-0.148400747,0.374044464,,,
2017/5/23,0.068906231,0.275337907,,,,,,-0.149285185,0.376620525,,,
2017/5/24,0.068882138,0.283185276,,,,,,-0.155268841,0.382950836,,,
2017/5/25,0.064101954,0.282944217,,,,,,-0.155048188,0.384286887,,,
2017/5/26,0.064869128,0.295548252,,,,,,-0.151642664,0.376341048,,,
2017/5/31,0.065465833,0.303541593,,,,,,-0.151756692,0.376825121,,,
2017/6/1,0.050608317,0.376306952,,,,,,-0.142220238,0.361112255,,,
2017/6/2,0.046355261,0.408522055,,,,,,-0.120513266,0.373460576,,,
2017/6/5,0.05838755,0.430248266,,,,,,-0.115719188,0.300940508,,,
2017/6/6,0.081621218,0.500527787,,,,,,-0.121592828,0.230545252,,,
2017/6/7,0.078041484,0.467623971,,,,,,-0.120291034,0.23236234,,,
2017/6/8,0.078192724,0.45771605,,,,,,-0.121833264,0.232450928,,,
2017/6/9,0.079765829,0.457708055,,,,,,-0.121409027,0.226117945,,,
2017/6/12,0.085068503,0.466733228,,,,,,-0.122006052,0.227961031,,,
2017/6/13,0.084642211,0.484952319,,,,,,-0.120809103,0.286090775,,,
2017/6/14,0.079712229,0.451970518,,,,,,-0.118948078,0.344276249,,,
2017/6/15,0.07490113,0.443965961,,,,,,-0.116325957,0.395943439,,,
2017/6/16,0.074734599,0.439019658,,,,,,-0.115234002,0.400402458,,,
2017/6/19,0.074525141,0.433847495,,,,,,-0.111803779,0.40763481,,,
2017/6/20,0.049177529,0.453770804,,,,,,-0.085563204,0.477451782,,,
2017/6/21,0.046753726,0.470491943,,,,,,-0.081029137,0.498376115,,,
2017/6/22,0.049090376,0.466575407,,,,,,-0.081553624,0.482626304,,,
2017/6/23,0.061835806,0.45865326,,,,,,-0.080513996,0.494472401,,,
2017/6/26,0.061137534,0.440524208,,,,,,-0.081951018,0.497384099,,,
2017/6/27,0.057191353,0.450983792,,,,,,-0.080358044,0.510583705,,,
2017/6/28,0.081141406,0.458172389,,,,,,-0.081668935,0.468800795,,,
2017/6/29,0.107593874,0.497713812,,,,,,-0.086958127,0.361714017,,,
2017/6/30,0.113320318,0.503235051,,,,,,-0.094549047,0.354671326,,,
2017/7/3,0.115898365,0.485086125,,,,,,-0.095165408,0.358207889,,,
2017/7/4,0.121988896,0.472089437,,,,,,-0.096941076,0.378944477,,,
2017/7/5,0.076750068,0.427511677,,,,,,-0.061600977,0.261219792,,,
2017/7/6,0.074229225,0.410546898,,,,,,-0.054102496,0.278179001,,,
2017/7/7,0.074254258,0.382798206,,,,,,-0.060594102,0.310750086,,,
2017/7/10,0.081418575,0.405508907,,,,,,-0.041866396,0.455212453,,,
2017/7/11,0.056611174,0.443220713,,,,,,-0.050177891,0.251036934,,,
2017/7/12,0.056970282,0.447306227,,,,,,-0.050151805,0.24662652,,,
2017/7/13,0.046876217,0.422691496,,,,,,-0.033939526,0.295383302,,,
2017/7/14,0.048900003,0.426893774,,,,,,-0.033826101,0.294828388,,,
2017/7/17,0.070574257,0.358958376,,,,,,-0.013599111,0.500385992,,,
2017/7/18,0.057964009,0.373227039,,,,,,0.011570026,0.533351058,,,
2017/7/19,0.083014051,0.375054746,,,,,,-0.041689841,0.455324024,,,
2017/7/20,0.045708623,0.353073561,,,,,,-0.027143228,0.315586841,,,
2017/7/21,0.030379914,0.3751236,,,,,,-0.022597936,0.309720063,,,
2017/7/24,0.032523355,0.372264449,,,,,,-0.025431793,0.303053167,,,
2017/7/25,0.042750365,0.410191484,,,,,,-0.028853535,0.384937453,,,
2017/7/26,0.042888148,0.40735597,,,,,,-0.025526919,0.390321317,,,
2017/7/27,0.051603012,0.372548607,,,,,,-0.026004055,0.420475031,,,
2017/7/28,0.000887273,0.469388764,,,,,,-0.037627177,0.245259114,,,
2017/7/31,0.00919353,0.463022951,,,,,,-0.039676674,0.212121001,,,
2017/8/1,0.007984187,0.471379476,,,,,,-0.040352744,0.191202798,,,
2017/8/2,0.017305491,0.448870087,,,,,,-0.038797012,0.227921916,,,
2017/8/3,0.022434541,0.431762604,,,,,,-0.038595811,0.22676559,,,
2017/8/4,0.044192969,0.442316628,,,,,,-0.008549647,0.298097951,,,
2017/8/7,0.051776017,0.424023934,,,,,,-0.00710887,0.310104716,,,
2017/8/8,0.045395999,0.432585948,,,,,,-0.01700076,0.293509211,,,
2017/8/9,0.03403779,0.469924117,,,,,,-0.030260147,0.239163302,,,
2017/8/10,0.02935961,0.481826122,,,,,,-0.040375832,0.183923786,,,
2017/8/11,0.003653719,0.504717676,,,,,,0.012514027,0.099814286,,,
2017/8/14,-0.038643862,0.456300391,,,,,,0.015706147,-0.093374714,,,
2017/8/15,-0.04263509,0.374297517,,,,,,-0.010580434,-0.149561603,,,
2017/8/16,-0.023557835,0.342279533,,,,,,0.004552847,-0.113876659,,,
2017/8/17,-0.034826921,0.349592063,,,,,,0.004829792,-0.208579412,,,
2017/8/18,-0.024122378,0.307279392,,,,,,0.003739525,-0.239865791,,,
2017/8/21,-0.022788802,0.306428484,,,,,,-0.001124454,-0.207978248,,,
2017/8/22,-0.022619276,0.309366885,,,,,,0.002385939,-0.196450952,,,
2017/8/23,-0.022581584,0.324518442,,,,,,0.007251442,-0.252088514,,,
2017/8/24,-0.022275127,0.330157966,,,,,,-0.001530118,-0.267222635,,,
2017/8/25,-0.022747088,0.347823357,,,,,,-0.007027564,-0.26718336,,,
2017/8/28,-0.004195115,0.37013214,,,,,,-0.005407716,-0.275003603,,,
2017/8/29,-0.003511142,0.356945796,,,,,,-0.006139344,-0.30358074,,,
2017/8/30,-0.01939933,0.369687196,,,,,,0.005212506,-0.342139217,,,
2017/8/31,-0.020959055,0.37332213,,,,,,0.007599781,-0.339807174,,,
2017/9/1,-0.024922696,0.368002384,,,,,,0.013600187,-0.356813117,,,
2017/9/4,-0.035985319,0.392822459,,,,,,0.032174443,-0.373182973,,,
2017/9/5,-0.033999828,0.360763466,,,,,,0.023140605,-0.401357734,,,
2017/9/6,-0.037569263,0.34052342,,,,,,0.012454956,-0.415770008,,,
2017/9/7,-0.032486834,0.318077454,,,,,,-0.002102333,-0.461624801,,,
2017/9/8,-0.032181462,0.318791049,,,,,,0.000940345,-0.466963393,,,
2017/9/11,-0.032485171,0.320741167,,,,,,-0.013931549,-0.482242367,,,
2017/9/12,-0.031684502,0.31762909,,,,,,-0.00116753,-0.446194116,,,
2017/9/13,-0.02871968,0.313981068,,,,,,-0.000462141,-0.442184219,,,
2017/9/14,-0.016661884,0.310433134,,,,,,0.004096163,-0.411933752,,,
2017/9/15,-0.006292025,0.303172582,,,,,,0.009003288,-0.398727742,,,
2017/9/18,-0.001331176,0.30701624,0.515683908,,,,,0.017562675,-0.388077188,,,
2017/9/19,0.012979171,0.301821697,0.529362746,,,,,-0.025261817,-0.35878841,,,
2017/9/20,0.005489093,0.295061734,0.54314259,,,,,-0.021003527,-0.380155876,,,
2017/9/21,-0.010237231,0.29629661,0.549631858,,,,,-0.027584152,-0.426275336,,,
2017/9/22,-0.0126666,0.290149295,0.499827014,,,,,-0.045212942,-0.430052617,,,
2017/9/25,-0.003503873,0.270623259,0.468063727,,,,,-0.042354011,-0.416466561,,,
2017/9/26,-0.003727845,0.303005436,0.490932461,,,,,-0.038453583,-0.479385535,,,
2017/9/27,-0.004272431,0.303098408,0.488789981,,,,,-0.036162648,-0.481073946,,,
2017/9/28,-0.015674208,0.305556776,0.489257569,,,,,-0.037499467,-0.4933549,,,
2017/9/29,-0.016787305,0.303126756,0.488290141,,,,,-0.034496514,-0.48380373,,,
2017/10/9,-0.024291981,0.300370068,0.494986861,,,,,-0.037319517,-0.488781036,,,
2017/10/10,-0.002123839,0.285983498,0.47718462,,,,,-0.081196887,-0.521018439,,,
2017/10/11,0.002052065,0.261605358,0.503713674,,,,,-0.072205966,-0.49304386,,,
2017/10/12,-0.001681294,0.209226041,0.501869988,,,,,-0.086374962,-0.485544975,,,
2017/10/13,0.002449633,0.217985965,0.506445112,,,,,-0.125483791,-0.510608983,,,
2017/10/16,0.00419911,0.220200386,0.561443595,,,,,-0.110306302,-0.528816153,,,
2017/10/17,0.008657172,0.224393688,0.574604161,,,,,-0.122237983,-0.616320061,,,
2017/10/18,0.00752995,0.230143231,0.591911167,,,,,-0.102047864,-0.615435434,,,
2017/10/19,0.021301102,0.2338742,0.598017329,,,,,-0.124969503,-0.561374196,,,
2017/10/20,0.063694718,0.252575343,0.413033258,,,,,-0.119149016,-0.590877061,,,
2017/10/23,0.06371494,0.252850635,0.414958006,,,,,-0.120322457,-0.585505696,,,
2017/10/24,0.065568805,0.247410344,0.443704522,,,,,-0.110376042,-0.597759664,,,
2017/10/25,0.06664288,0.245064352,0.444545816,,,,,-0.109498788,-0.604832112,,,
2017/10/26,0.06884983,0.227537652,0.426813169,,,,,-0.088909724,-0.630813719,,,
2017/10/27,0.126466047,0.218741119,0.473268304,,,,,-0.093328932,-0.693388762,,,
2017/10/30,0.131126024,0.211497698,0.454572484,,,,,-0.115765776,-0.706837742,,,
2017/10/31,0.137201408,0.2135084,0.439229006,,,,,-0.11291936,-0.737341801,,,
2017/11/1,0.134361797,0.211499254,0.393669638,,,,,-0.11586722,-0.738271493,,,
2017/11/2,0.129971084,0.216258901,0.382706766,,,,,-0.106055367,-0.727934125,,,
2017/11/3,0.132298834,0.224705994,0.38212265,,,,,-0.102587361,-0.742445519,,,
2017/11/6,0.12966238,0.228514813,0.378297271,,,,,-0.104666211,-0.744049239,,,
2017/11/7,0.138988025,0.224476477,0.372844945,,,,,-0.105912004,-0.744508501,,,
2017/11/8,0.142506778,0.2221086,0.373350335,,,,,-0.100212127,-0.736026541,,,
2017/11/9,0.13085228,0.217346003,0.374170466,,,,,-0.099219546,-0.722763474,,,
2017/11/10,0.130470965,0.218053218,0.380595402,,,,,-0.099647937,-0.722843972,,,
2017/11/13,0.126283709,0.219307013,0.37841946,,,,,-0.097599566,-0.718290038,,,
2017/11/14,0.126505536,0.216695752,0.353632872,,,,,-0.086770744,-0.716885479,,,
2017/11/15,0.158930275,0.21563803,0.316126967,,,,,-0.109670192,-0.791108772,,,
2017/11/16,0.158957298,0.213530979,0.296199969,,,,,-0.108954346,-0.792178974,,,
2017/11/17,0.180412321,0.189209146,0.234687676,,,,,-0.096109184,-0.798399603,,,
2017/11/20,0.180454282,0.189220757,0.233356469,,,,,-0.095409125,-0.801330665,,,
2017/11/21,0.181162458,0.185835233,0.242418306,,,,,-0.062192485,-0.694263417,,,
2017/11/22,0.154166081,0.201098218,0.231913911,,,,,-0.05223813,-0.645195555,,,
2017/11/23,0.161835116,0.197250095,0.251759477,,,,,-0.056220995,-0.617234586,,,
2017/11/24,0.162602393,0.197636946,0.275371423,,,,,-0.05615354,-0.619030065,,,
2017/11/27,0.163051161,0.196772183,0.282156948,,,,,-0.055311174,-0.652859321,,,
2017/11/28,0.163152556,0.196426413,0.28156277,,,,,-0.054868378,-0.660146154,,,
2017/11/29,0.160856383,0.200575697,0.286084415,,,,,-0.051408515,-0.664712535,,,
2017/11/30,0.157576405,0.209043955,0.295293527,,,,,-0.054517194,-0.673097935,,,
2017/12/1,0.166590597,0.207505798,0.288826979,,,,,-0.065058727,-0.658275714,,,
2017/12/4,0.147766743,0.215559519,0.295037614,,,,,-0.05716022,-0.665685823,,,
2017/12/5,0.137496301,0.203959757,0.333434688,,,,,-0.063481981,-0.704156159,,,
2017/12/6,0.14391637,0.189359628,0.343752201,,,,,-0.069869812,-0.713036535,,,
2017/12/7,0.150284657,0.202183258,0.338955797,,,,,-0.073833617,-0.704202153,,,
2017/12/8,0.179574835,0.179156423,0.321890684,,,,,-0.100048864,-0.682822051,,,
2017/12/11,0.179170504,0.180420768,0.329556251,,,,,-0.100252376,-0.682831738,,,
2017/12/12,0.178007122,0.19131109,0.343329716,,,,,-0.102140415,-0.696589629,,,
2017/12/13,0.18107958,0.199514339,0.344840001,,,,,-0.096482175,-0.717431583,,,
2017/12/14,0.180936916,0.198833989,0.349218745,,,,,-0.097484384,-0.718260373,,,
2017/12/15,0.182952359,0.20547872,0.326456982,,,,,-0.092746245,-0.716426766,,,
2017/12/18,0.195689475,0.210657566,0.279852349,,,,,-0.080373845,-0.672660176,,,
2017/12/19,0.195882636,0.209279704,0.279392632,,,,,-0.079655915,-0.65922872,,,
2017/12/20,0.197603022,0.225548315,0.278479706,,,,,-0.078821895,-0.663708565,,,
2017/12/21,0.198215548,0.224092638,0.294057128,,,,,-0.082439505,-0.67063664,,,
2017/12/22,0.197933723,0.224094728,0.293916507,,,,,-0.081642981,-0.669308323,,,
2017/12/25,0.198461772,0.224134807,0.294325586,,,,,-0.083741048,-0.670395807,,,
2017/12/26,0.195023365,0.230579123,0.373268192,,,,,-0.080468378,-0.677997417,,,
2017/12/27,0.195951384,0.229950906,0.365830614,,,,,-0.080465126,-0.678923526,,,
2017/12/28,0.209082034,0.219313212,0.319091557,,,,,-0.101382235,-0.628660688,,,
2017/12/29,0.218337081,0.210137545,0.266850491,,,,,-0.110549369,-0.532031175,,,
2018/1/2,0.214779302,0.21241745,0.354245633,,,,,-0.11603413,-0.547526423,,,
2018/1/3,0.210852018,0.206385537,0.355826987,,,,,-0.109141974,-0.542547247,,,
2018/1/4,0.211214271,0.206381519,0.348247293,,,,,-0.110862005,-0.538693996,,,
2018/1/5,0.209072549,0.203982803,0.334892733,,,,,-0.110655824,-0.528383534,,,
2018/1/8,0.209472059,0.203062557,0.335219657,,,,,-0.109618964,-0.515253736,,,
2018/1/9,0.207111533,0.198336077,0.338381089,,,,,-0.113815827,-0.529038794,,,
2018/1/10,0.207884482,0.203433646,0.341746056,,,,,-0.113444666,-0.532199412,,,
2018/1/11,0.210675626,0.207791554,0.337861404,,,,,-0.108961292,-0.533506908,,,
2018/1/12,0.212122159,0.212923853,0.337249602,,,,,-0.107828974,-0.533753609,,,
2018/1/15,0.213497215,0.199865399,0.33811302,,,,,-0.106234725,-0.510962251,,,
2018/1/16,0.213511553,0.198969079,0.335143473,,,,,-0.106321218,-0.512223776,,,
2018/1/17,0.223616645,0.199765302,0.309752841,,,,,-0.079110599,-0.496220508,,,
2018/1/18,0.21546814,0.197126719,0.248676206,,,,,-0.074117231,-0.486947265,,,
2018/1/19,0.209846327,0.196943659,0.226108557,,,,,-0.068664543,-0.51263701,,,
2018/1/22,0.2057996,0.208100374,0.225312102,,,,,-0.076851349,-0.516085035,,,
2018/1/23,0.198451455,0.194212149,0.250845979,,,,,-0.056377666,-0.489858778,,,
2018/1/24,0.166479789,0.150496167,0.12450535,,,,,-0.026861203,-0.325234101,,,
2018/1/25,0.174254659,0.14756192,0.118255888,,,,,-0.022947111,-0.30139643,,,
2018/1/26,0.17218903,0.149563507,0.118067634,,,,,-0.023729596,-0.311169838,,,
2018/1/29,0.166440296,0.161842238,0.123314569,,,,,-0.025196032,-0.338239929,,,
2018/1/30,0.165760673,0.162115841,0.122547815,,,,,-0.02520122,-0.338119968,,,
2018/1/31,0.149491382,0.154161408,0.114341594,,,,,-0.031231275,-0.314382015,,,
2018/2/1,0.15697463,0.129519268,0.096353561,,,,,-0.042913256,-0.300751417,,,
2018/2/2,0.192376835,0.124239026,0.146625822,,,,,-0.025507235,-0.463444358,,,
2018/2/5,0.209355096,0.126623961,0.179592866,,,,,-0.013491287,-0.549718565,,,
2018/2/6,0.160730402,0.130818925,0.212598285,,,,,-0.022967317,-0.550112585,,,
2018/2/7,0.163857822,0.124383612,0.284835934,,,,,-0.034886292,-0.556453603,,,
2018/2/8,0.181773266,0.073640577,0.150635097,,,,,-0.059114722,-0.627195335,,,
2018/2/9,0.203874221,0.136229268,0.016372055,,,,,-0.053180505,-0.603895099,,,
2018/2/12,0.221589746,0.152422153,0.009808394,,,,,-0.047593363,-0.658752577,,,
2018/2/13,0.225754109,0.159422662,-0.007776312,,,,,-0.052400875,-0.649227276,,,
2018/2/14,0.226761459,0.154901971,-0.011936816,,,,,-0.054325396,-0.635195587,,,
2018/2/22,0.226049433,0.155005961,-0.013106484,,,,,-0.054074467,-0.635115604,,,
2018/2/23,0.207529132,0.144786075,-0.013871333,,-0.691012786,,,-0.057261082,-0.631413996,,,
2018/2/26,0.200480941,0.158303345,-0.007105748,,-0.722270749,,,-0.052947135,-0.64999326,,,
2018/2/27,0.188583027,0.172603205,-0.031588582,,-0.727872269,,,-0.039817883,-0.593027851,,,
2018/2/28,0.186909162,0.167462219,-0.007147299,,-0.720048963,,,-0.042150558,-0.607407077,,,
2018/3/1,0.180842978,0.21341198,0.038175479,,-0.793746418,,,-0.096630139,-0.680096474,,,
2018/3/2,0.18563142,0.260457642,-0.000499643,,-0.803364714,,,-0.111439467,-0.695568922,,,
2018/3/5,0.187578572,0.251412975,0.010092559,-0.356698058,-0.839160442,,,-0.110414761,-0.695187794,,,
2018/3/6,0.187588952,0.255580692,0.01367806,-0.359705471,-0.83206138,,,-0.110149362,-0.69679964,,,
2018/3/7,0.193477866,0.242204497,0.065259768,-0.364832835,-0.684265077,,,-0.109016611,-0.714640724,,,
2018/3/8,0.1924455,0.24339909,0.067976873,-0.365817555,-0.644855608,,,-0.111983131,-0.711321646,,,
2018/3/9,0.189440492,0.269688528,0.076512247,-0.363337298,-0.649427884,,,-0.125208679,-0.719479899,,,
2018/3/12,0.18908794,0.281353218,0.093057059,-0.361525425,-0.610583429,,,-0.130443491,-0.76681096,,,
2018/3/13,0.18896975,0.276562771,0.086665636,-0.362588441,-0.536490317,,,-0.129404722,-0.773515124,,,
2018/3/14,0.189466139,0.266329543,0.087844376,-0.350946247,-0.515014082,,,-0.12956174,-0.768621618,,,
2018/3/15,0.194124999,0.27351177,0.108665069,-0.350527597,-0.504801816,,,-0.127967455,-0.693465494,,,
2018/3/16,0.196376038,0.275460317,0.115558173,-0.330235169,-0.454889448,,,-0.131787925,-0.708542623,,,
2018/3/19,0.194896921,0.282234248,0.099322664,-0.335681861,-0.461612228,,,-0.142498357,-0.708329895,,,
2018/3/20,0.201099474,0.284780239,0.113366563,-0.335954453,-0.463273686,,,-0.142326223,-0.71476831,,,
2018/3/21,0.199658584,0.285369492,0.111622054,-0.335844606,-0.46194347,,,-0.144304824,-0.715579998,,,
2018/3/22,0.199780336,0.284799893,0.110935164,-0.337072698,-0.464242829,,,-0.145693514,-0.712341743,,,
2018/3/23,0.228789114,0.313801318,0.087544572,-0.313542938,-0.487468521,,,-0.201204312,-0.713688616,,,
2018/3/26,0.224663283,0.298119178,0.161369694,-0.32152476,-0.328349743,,,-0.196777439,-0.71011332,,,
2018/3/27,0.214445075,0.324403564,0.162743552,-0.312430143,-0.280259675,,,-0.190475063,-0.722633954,,,
2018/3/28,0.201138606,0.323860686,0.160635732,-0.313558097,-0.280971403,,,-0.200298722,-0.706813894,,,
2018/3/29,0.177129742,0.27974491,0.155761907,-0.300202882,-0.328472975,,,-0.253408187,-0.717463635,,,
2018/3/30,0.182484001,0.278398807,0.146251387,-0.296293567,-0.340317179,,,-0.264964139,-0.718530189,,,
2018/4/2,0.145181867,0.306961604,0.10614424,-0.270281063,-0.333340474,,,-0.23672651,-0.7271262,,,
2018/4/3,0.137682654,0.310753233,0.092449067,-0.273136749,-0.346110738,,,-0.23365609,-0.724739616,,,
2018/4/4,0.134797611,0.307460774,0.098361423,-0.273086999,-0.351020691,,,-0.237248305,-0.723631761,,,
2018/4/9,0.138472046,0.310071385,0.098114208,-0.272288979,-0.339929185,,,-0.236264102,-0.709913673,,,
2018/4/10,0.140000495,0.307592734,0.105280661,-0.28656657,-0.380727743,,,-0.231941806,-0.711365371,,,
2018/4/11,0.147305458,0.298998133,0.124335066,-0.276484986,-0.396217414,,,-0.232671165,-0.695942207,,,
2018/4/12,0.121605275,0.299315768,0.116956256,-0.266492283,-0.392481058,,,-0.19755135,-0.657900395,,,
2018/4/13,0.132620142,0.275272899,0.11992031,-0.270068811,-0.424563107,,,-0.213161706,-0.654286399,,,
2018/4/16,0.134099699,0.272935557,0.120019546,-0.271759735,-0.417833144,,,-0.187454331,-0.655863682,,,
2018/4/17,0.12050067,0.268335328,0.102591154,-0.271811448,-0.418050818,,,-0.167900049,-0.656099875,,,
2018/4/18,0.118334263,0.264938928,0.099220234,-0.264271149,-0.379058288,,,-0.169650863,-0.655808849,,,
2018/4/19,0.11847181,0.264672128,0.100022698,-0.263600538,-0.37831063,,,-0.169644001,-0.661456525,,,
2018/4/20,0.119516844,0.26424148,0.101490647,-0.262361666,-0.370857716,,,-0.166114593,-0.650500365,,,
2018/4/23,0.142614202,0.245512617,0.088253315,-0.276163347,-0.401200345,,,-0.209647975,-0.690512031,,,
2018/4/24,0.138426189,0.243798438,0.108778815,-0.273571539,-0.414151977,,,-0.202619958,-0.705336236,,,
2018/4/25,0.138244598,0.246180569,0.108204421,-0.27313551,-0.407722619,,,-0.187978197,-0.704266307,,,
2018/4/26,0.167594516,0.246576339,0.09709915,-0.32438052,-0.464337439,,,-0.259938638,-0.741506724,,,
2018/4/27,0.168770808,0.256757535,0.093229055,-0.319819641,-0.480591021,,,-0.255126805,-0.743288112,,,
2018/5/2,0.168867053,0.262347495,0.093233466,-0.319447421,-0.479685898,,,-0.252812051,-0.727007719,,,
2018/5/3,0.150631298,0.274977259,0.086960199,-0.328715605,-0.4657021,,,-0.291906635,-0.723864564,,,
2018/5/4,0.140219951,0.277938091,0.100589163,-0.328209916,-0.453217626,,,-0.311383114,-0.75255879,,,
2018/5/7,0.139534226,0.279318294,0.100050382,-0.311618149,-0.531558452,,,-0.3333473,-0.695530569,,,
2018/5/8,0.1416555,0.279652287,0.105300755,-0.311440496,-0.520973641,,,-0.33388199,-0.686243557,,,
2018/5/9,0.14544026,0.280003099,0.104515927,-0.312367445,-0.519000386,,,-0.330421356,-0.674704989,,,
2018/5/10,0.144727558,0.277698825,0.105357228,-0.312151416,-0.523622741,,,-0.332820006,-0.674712616,,,
2018/5/11,0.163560009,0.209124071,0.166798262,-0.346602846,-0.573472422,,,-0.408251789,-0.807298766,,,
2018/5/14,0.161855623,0.218577661,0.138612027,-0.342061171,-0.579411524,,,-0.413177164,-0.706029424,,,
2018/5/15,0.188455485,0.215055885,0.136777817,-0.342331134,-0.580881358,,,-0.426709683,-0.722549479,,,
2018/5/16,0.230657674,0.226454135,0.147015824,-0.340990935,-0.581183278,,,-0.437274336,-0.711619903,,,
2018/5/17,0.2505573,0.227998037,0.138318683,-0.340919385,-0.579322467,,,-0.450964504,-0.706485416,,,
2018/5/18,0.24622808,0.234399975,0.151622883,-0.337720983,-0.58130966,,,-0.437564144,-0.647007672,,,
2018/5/21,0.246257654,0.238438398,0.151610494,-0.336928905,-0.586620766,,,-0.443574403,-0.577405921,,,
2018/5/22,0.228231821,0.242014272,0.146105374,-0.330029154,-0.622867614,,,-0.461599688,-0.501287683,,,
2018/5/23,0.219955673,0.236505452,0.115731587,-0.329670094,-0.619017724,,,-0.476505185,-0.238666955,,,
2018/5/24,0.222414947,0.237002644,0.112549949,-0.329034676,-0.619834724,,,-0.484120098,-0.204134784,,,
2018/5/25,0.222841267,0.236526251,0.130442431,-0.34151471,-0.68293405,,,-0.489880344,-0.237224423,,,
2018/5/28,0.221244146,0.242814336,0.126434342,-0.333958725,-0.641564436,,,-0.487208421,-0.236602506,,,
2018/5/29,0.219092114,0.239094126,0.123637034,-0.338336851,-0.729005861,,,-0.490230771,-0.242394646,,,
2018/5/30,0.231320716,0.230050066,0.165907221,-0.345944219,-0.655315975,,,-0.479180495,-0.280387734,,,
2018/5/31,0.205742683,0.174980027,0.223652017,-0.402936497,-0.754430688,,,-0.504233575,-0.460376026,,,
2018/6/1,0.170048744,0.131642722,0.250792288,-0.423274669,-0.820803317,,,-0.511766763,-0.532457872,,,
2018/6/4,0.334637615,0.089866518,0.298320499,-0.444299579,-0.792281134,0.023474554,,-0.564898771,-0.652584473,,,
2018/6/5,0.383926247,0.091871833,0.318159014,-0.53033246,-0.819574477,-0.071085849,,-0.589568628,-0.694215159,,,
2018/6/6,0.388084469,0.092755423,0.310332297,-0.531450948,-0.787934929,-0.042935645,,-0.59329934,-0.723217495,,,
2018/6/7,0.387546498,0.074428728,0.312168237,-0.48155943,-0.838349448,-0.099175322,,-0.600972798,-0.671771957,,,
2018/6/8,0.365061424,0.068157219,0.304757902,-0.579987228,-0.923896286,-0.106569397,,-0.604466609,-0.671510761,,,
2018/6/11,0.335875711,0.058550459,0.327097003,-0.502575884,-0.98031437,-0.072757836,,-0.599609269,-0.644640619,,,
2018/6/12,0.328089512,0.047945642,0.342843995,-0.46992531,-0.996056168,-0.057121201,,-0.596495186,-0.655530555,,,
2018/6/13,0.328681887,0.049623645,0.345539826,-0.469715003,-0.961197974,-0.032382105,,-0.596121236,-0.648226272,,,
2018/6/14,0.33453976,0.043800911,0.352029935,-0.478616625,-0.971165524,-0.032125668,,-0.595959428,-0.649523674,,,
2018/6/15,0.347147102,0.043790703,0.347834649,-0.453680758,-0.951268613,-0.000249999,,-0.592552344,-0.647177582,,,
2018/6/19,0.355249489,0.028120412,0.426166154,-0.566130932,-0.824206049,0.029901629,,-0.573372655,-0.598913876,,,
2018/6/20,0.37675958,0.02936549,0.490828732,-0.552285599,-0.682633988,0.028139834,,-0.571703311,-0.581140343,,,
2018/6/21,0.361411609,0.041112891,0.466748345,-0.595841365,-0.696519361,0.038444642,,-0.544567458,-0.567709643,,,
2018/6/22,0.363785134,0.040873031,0.461908967,-0.586821843,-0.712829928,0.038617406,,-0.546719696,-0.569186241,,,
2018/6/25,0.370200565,0.02611842,0.488591816,-0.678528449,-0.73154808,0.013625598,,-0.551636182,-0.521537434,,,
2018/6/26,0.380532804,-0.003814955,0.547588105,-0.713419806,-0.876921368,-0.115091803,,-0.544835433,-0.46707203,,,
2018/6/27,0.382963138,-0.005980848,0.559565765,-0.715964687,-0.884261481,-0.113113394,,-0.531179675,-0.448271675,,,
2018/6/28,0.378840658,-0.035528654,0.582394999,-0.670262468,-0.904032384,-0.143326496,,-0.50794846,-0.402664981,,,
2018/6/29,0.373898663,-0.026022724,0.581240059,-0.622026899,-0.907500092,-0.184811209,,-0.51589393,-0.403776283,,,
2018/7/2,0.368432117,-0.013298341,0.583142554,-0.549256852,-0.900186834,-0.169412008,,-0.514571167,-0.402203439,,,
2018/7/3,0.366322315,-0.010747484,0.583489625,-0.540202514,-0.893459224,-0.166248917,,-0.515322327,-0.436387264,,,
2018/7/4,0.355739504,-0.007988763,0.607644287,-0.544333576,-0.928894093,-0.189276334,,-0.510001644,-0.413412479,,,
2018/7/5,0.358229802,-0.005960736,0.607315827,-0.545309738,-0.93150086,-0.184214493,,-0.509964663,-0.416384694,,,
2018/7/6,0.35823135,-0.034569767,0.576856704,-0.487988313,-0.931648089,-0.199793261,,-0.511742909,-0.382253798,,,
2018/7/9,0.34854077,-0.036792337,0.570406095,-0.436723953,-0.924327269,-0.198762876,,-0.500689341,-0.379401582,,,
2018/7/10,0.348942282,-0.031467661,0.552691121,-0.430638816,-0.921040225,-0.192431667,,-0.498441464,-0.403259106,,,
2018/7/11,0.349418489,-0.032065381,0.542326659,-0.432025274,-0.927587943,-0.197270043,,-0.495998245,-0.405125302,,,
2018/7/12,0.341944063,-0.096945264,0.545855164,-0.343155439,-1.072814142,-0.235277766,,-0.510171894,-0.264449992,,,
2018/7/13,0.34510857,-0.097761998,0.5505789,-0.354599878,-1.071399519,-0.205623823,,-0.513273552,-0.261739796,,,
2018/7/16,0.327031595,-0.111332594,0.5485621,-0.348982369,-1.069808487,-0.201767432,,-0.509718414,-0.24891567,,,
2018/7/17,0.327482267,-0.111826942,0.548503041,-0.359646375,-1.069619508,-0.193074693,,-0.508933662,-0.254035841,,,
2018/7/18,0.298299244,-0.135117396,0.540429163,-0.358046669,-1.136253934,-0.207020343,,-0.491176051,-0.296772802,,,
2018/7/19,0.309586567,-0.141924915,0.5619799,-0.347844853,-1.181589417,-0.188781601,,-0.484401196,-0.331914122,,,
2018/7/20,0.301286345,-0.115822496,0.577012913,-0.34332401,-1.176191881,-0.135423078,,-0.487519636,-0.417642729,,,
2018/7/23,0.287130213,-0.060067017,0.518919989,-0.336849931,-1.174519855,-0.117563632,,-0.50741168,-0.581671276,,,
2018/7/24,0.269573594,-0.026479013,0.521745151,-0.35565106,-1.047654835,0.004215077,,-0.502972184,-0.585721187,,,
2018/7/25,0.248706262,-0.000704625,0.510490938,-0.361535128,-0.90316707,0.106446879,,-0.576300941,-0.672154378,,,
2018/7/26,0.235607296,-0.003010975,0.515543627,-0.364026172,-0.889729914,0.100950019,,-0.575889002,-0.665191959,,,
2018/7/27,0.229780384,-0.009416622,0.515640426,-0.365500327,-0.88456942,0.101046954,,-0.571029334,-0.663098874,,,
2018/7/30,0.232073349,-0.013778796,0.516152926,-0.367495296,-0.880940843,0.10896826,,-0.581130944,-0.669780488,,,
2018/7/31,0.235884133,-0.00405604,0.511704914,-0.370817089,-0.862864567,0.137630607,,-0.613843949,-0.679449691,,,
2018/8/1,0.237598606,-0.008246572,0.51728216,-0.370810055,-0.855989961,0.138936991,,-0.610420087,-0.680159505,,,
2018/8/2,0.251839593,-0.009315166,0.555654141,-0.365487975,-0.825525745,0.111262701,,-0.577771787,-0.68890883,,,
2018/8/3,0.251429351,0.007288802,0.540626075,-0.304665608,-0.845678616,0.100134276,,-0.555267858,-0.685134096,,,
2018/8/6,0.248704045,-0.002372631,0.546600437,-0.283924786,-0.869051381,0.106288825,,-0.535404977,-0.628179861,,,
2018/8/7,0.259690915,0.028782856,0.514813986,-0.270663191,-0.796138015,0.116448799,,-0.586890559,-0.765234626,,,
2018/8/8,0.267752143,0.033824058,0.522230769,-0.261118866,-0.790057805,0.118466331,,-0.562758141,-0.755795109,,,
2018/8/9,0.266857344,0.037005618,0.523565959,-0.260509183,-0.7954376,0.11816112,,-0.561521694,-0.75611199,,,
2018/8/10,0.270145149,0.036342353,0.507221641,-0.268406942,-0.763841047,0.122594713,,-0.562831101,-0.741042992,,,
2018/8/13,0.268969608,0.034167441,0.507624246,-0.274841483,-0.766310057,0.109427419,,-0.561952065,-0.747469225,,,
2018/8/14,0.26430556,-0.03212729,0.462210757,-0.284061772,-0.813746003,0.046665511,,-0.517818241,-0.715454465,,,
2018/8/15,0.260773516,-0.041086402,0.454452372,-0.28070179,-0.830048161,0.049542246,,-0.507208578,-0.678679864,,,
2018/8/16,0.262174501,-0.04133566,0.455438161,-0.281266981,-0.829903026,0.049814323,,-0.507408892,-0.677963328,,,
2018/8/17,0.249046853,-0.036308508,0.463155005,-0.274555323,-0.829537932,0.049739123,,-0.510222055,-0.641582831,,,
2018/8/20,0.252631002,-0.040112312,0.447303791,-0.280782005,-0.825868647,0.031537604,,-0.506815179,-0.613801747,,,
2018/8/21,0.254441652,-0.026839027,0.413096951,-0.280090277,-0.771472732,0.039982943,,-0.501456956,-0.569309681,,,
2018/8/22,0.254440782,-0.027076697,0.411275719,-0.279384958,-0.765306956,0.040663684,,-0.502932211,-0.569568374,,,
2018/8/23,0.253906479,-0.025424751,0.399038067,-0.280000493,-0.753504179,0.04677739,,-0.501045008,-0.570049434,,,
2018/8/24,0.25573948,-0.031462897,0.385077494,-0.279857162,-0.74537504,0.047678866,,-0.500700758,-0.564776451,,,
2018/8/27,0.255455296,-0.038455016,0.39760168,-0.274405942,-0.758016223,0.043925469,,-0.501319584,-0.575732391,,,
2018/8/28,0.255387455,-0.04136903,0.396220257,-0.273234614,-0.758163163,0.04331696,,-0.499691322,-0.569947461,,,
2018/8/29,0.253077601,-0.042646377,0.393710894,-0.270395726,-0.75718346,0.05078135,,-0.498489767,-0.561659436,,,
2018/8/30,0.239392072,-0.048350959,0.408278613,-0.248614363,-0.748853217,0.05540689,,-0.489199767,-0.516960489,,,
2018/8/31,0.233792229,-0.047717091,0.377084782,-0.21584057,-0.739604583,0.053521957,,-0.46809117,-0.431520519,,,
2018/9/3,0.23605467,-0.053794593,0.357121736,-0.211604462,-0.756248721,0.110282499,,-0.460949085,-0.414633444,,,
2018/9/4,0.236193513,-0.053637058,0.357121133,-0.211811044,-0.759575113,0.069543657,,-0.460364493,-0.414716126,,,
2018/9/5,0.234619795,-0.055292295,0.357682952,-0.213061465,-0.759954672,0.049669115,,-0.460762482,-0.414817121,,,
2018/9/6,0.232381683,-0.050555573,0.374719749,-0.202279441,-0.770124274,0.140280906,,-0.463271705,-0.382369869,,,
2018/9/7,0.241570591,-0.040534329,0.380284942,-0.199468749,-0.712540503,0.143727869,,-0.472686912,-0.394330535,,,
2018/9/10,0.239123585,-0.044249775,0.385173371,-0.188798203,-0.703732928,0.174063551,,-0.469559717,-0.379792553,,,
2018/9/11,0.237718386,-0.044172885,0.38433726,-0.18673493,-0.717451167,0.167821926,,-0.468620631,-0.37892196,,,
2018/9/12,0.248291309,-0.039980617,0.36976434,-0.202441274,-0.71130462,0.178277151,,-0.488710518,-0.398579356,,,
2018/9/13,0.253246054,-0.043952869,0.359907622,-0.201050229,-0.683142028,0.145111815,,-0.495402889,-0.400133326,,,
2018/9/14,0.22918075,-0.056052479,0.359748943,-0.19722912,-0.707833162,0.068035178,,-0.46563032,-0.387911598,,,
2018/9/17,0.215212394,-0.057262632,0.366961971,-0.193166794,-0.713413454,-0.00416728,,-0.454328637,-0.349130752,,,
2018/9/18,0.201797053,-0.091345254,0.348755711,-0.210198217,-0.602505269,-0.01069033,,-0.513607969,-0.353109896,,,
2018/9/19,0.158947892,-0.117750893,0.359079155,-0.207094813,-0.592940764,-0.119746689,,-0.537427175,-0.262975389,,,
2018/9/20,0.144694739,-0.120568427,0.364611584,-0.206245559,-0.606928065,-0.128762575,,-0.538398711,-0.257626741,,,
2018/9/21,0.114173059,-0.100605182,0.392604534,-0.209383979,-0.612633511,-0.10480397,,-0.554336124,-0.241677203,,,
2018/9/25,0.112086905,-0.102609498,0.393049312,-0.210629937,-0.613211717,-0.1029822,,-0.554113937,-0.243697144,,,
2018/9/26,0.112715156,-0.101729059,0.393655181,-0.209114839,-0.613971211,-0.099864245,,-0.554006633,-0.247617898,,,
2018/9/27,0.095097418,-0.10121222,0.39338901,-0.203461642,-0.590471351,-0.095597971,,-0.545110566,-0.263108279,,,
2018/9/28,0.087574623,-0.109830472,0.41648709,-0.203042472,-0.574094406,-0.121792542,,-0.540301793,-0.284670375,,,
2018/10/8,0.104382354,-0.069120083,0.523367384,-0.18394978,-0.520780271,-0.139350238,,-0.510358626,-0.308857362,,,
2018/10/9,0.108073215,-0.048181176,0.484148396,-0.169917771,-0.471800612,-0.240012086,,-0.510418063,-0.118279586,,,
2018/10/10,0.109468752,-0.046940199,0.487686159,-0.174193791,-0.465373219,-0.218900851,,-0.507133289,-0.149559018,,,
2018/10/11,0.116594212,-0.054117871,0.47020099,-0.162468561,-0.472782965,-0.220657587,,-0.564620881,-0.139398651,,,
2018/10/12,0.107811335,-0.06270246,0.470483439,-0.170221349,-0.472442924,-0.214335057,,-0.565008968,-0.134867166,,,
2018/10/15,0.098434595,-0.062542247,0.471069763,-0.17005924,-0.473858412,-0.22114363,,-0.568407232,-0.135485985,,,
2018/10/16,0.099552011,-0.045337984,0.440610448,-0.179680454,-0.491857743,-0.251211883,,-0.562640993,-0.137383882,,,
2018/10/17,0.133642852,-0.078576634,0.363471516,-0.21861007,-0.707509731,-0.426676529,,-0.557285435,-0.043939132,,,
2018/10/18,0.129277917,-0.078838024,0.365184818,-0.216534961,-0.68795927,-0.417801453,,-0.547193505,-0.058493748,,,
2018/10/19,0.130240991,-0.078408631,0.360549761,-0.214494511,-0.665576922,-0.421387261,,-0.5500101,-0.0610066,,,
2018/10/22,0.135569289,-0.049144715,0.360371366,-0.255353823,-0.611190893,-0.22846151,,-0.611940198,-0.057213313,,,
2018/10/23,0.135952927,-0.055246954,0.36430207,-0.266935907,-0.633389004,-0.22167014,,-0.631265933,-0.024625982,,,
2018/10/24,0.135411405,-0.029942574,0.332270945,-0.252128991,-0.638864764,-0.232466538,,-0.643201615,-0.044922712,,,
2018/10/25,0.146061123,-0.025049984,0.314820762,-0.243627752,-0.66536806,-0.243324825,,-0.644592202,-0.040335234,,,
2018/10/26,0.139950613,-0.075261601,0.275336376,-0.220656723,-0.642153635,-0.267301238,,-0.632715239,0.010019011,,,
2018/10/29,0.131826763,-0.09216447,0.292787237,-0.233410409,-0.773395576,-0.389352245,,-0.634117257,0.019092037,,,
2018/10/30,0.152706675,-0.097567839,0.312033251,-0.250010626,-0.799428179,-0.412162793,,-0.638811631,0.008881397,,,
2018/10/31,0.151478462,-0.116185485,0.344718754,-0.273621837,-0.772305852,-0.354687201,,-0.643431312,-0.052816183,,,
2018/11/1,0.138170369,-0.107771585,0.350093591,-0.27699239,-0.739850546,-0.35227905,,-0.63842356,-0.064072984,,,
2018/11/2,0.136281911,-0.104611696,0.345507248,-0.282389658,-0.745074876,-0.37082992,,-0.647594119,-0.058847598,,,
2018/11/5,0.138933196,-0.104187378,0.342701398,-0.284433687,-0.747516176,-0.376288889,,-0.64650012,-0.058875454,,,
2018/11/6,0.136372683,-0.105938979,0.31902489,-0.289107065,-0.748086944,-0.384723713,,-0.637925451,-0.069708457,,,
2018/11/7,0.148629246,-0.136858475,0.228558337,-0.296028395,-0.706059207,-0.408908369,,-0.657024757,-0.045284698,,,
2018/11/8,0.147678683,-0.136616012,0.23062521,-0.304434649,-0.725529019,-0.427264231,,-0.661341046,-0.074978066,,,
2018/11/9,0.147410224,-0.134697661,0.217587292,-0.308890363,-0.756180534,-0.439835228,,-0.676622695,-0.072509172,,,
2018/11/12,0.153491938,-0.152987043,0.227748094,-0.308891288,-0.811532148,-0.487175117,,-0.700934232,-0.054809776,,,
2018/11/13,0.153764981,-0.155400033,0.227127718,-0.306682194,-0.795540466,-0.478906331,,-0.693742407,-0.054067375,,,
2018/11/14,0.151895444,-0.167936861,0.239054052,-0.3007069,-0.812181572,-0.485532783,,-0.685220628,-0.048724647,,,
2018/11/15,0.161978741,-0.191868259,0.242343207,-0.286122726,-0.773263914,-0.501940197,,-0.698622129,-0.005066777,,,
2018/11/16,0.16062226,-0.202493958,0.211240807,-0.276488229,-0.789752203,-0.484297216,,-0.693686175,0.011791987,,,
2018/11/19,0.160833285,-0.189858154,0.238656855,-0.274348008,-0.765461878,-0.475903906,,-0.699889356,0.002496447,,,
2018/11/20,0.15623305,-0.157452012,0.218006998,-0.266151097,-0.7929214,-0.457826499,,-0.715643007,0.056298037,,,
2018/11/21,0.155493215,-0.156961834,0.218138185,-0.269191624,-0.793230804,-0.455908219,,-0.717432275,0.04029078,,,
2018/11/22,0.151038899,-0.150293158,0.220791371,-0.264609454,-0.780400299,-0.462078108,,-0.715057139,0.049365903,,,
2018/11/23,0.150551783,-0.150056017,0.231877488,-0.26255217,-0.776641342,-0.469693744,,-0.714775649,0.05656611,,,
2018/11/26,0.142364979,-0.150128959,0.22918574,-0.265100847,-0.765114678,-0.469247804,,-0.723457968,0.070552894,,,
2018/11/27,0.142562361,-0.14914941,0.227673705,-0.265845473,-0.76558653,-0.468063357,,-0.725460708,0.077712103,,,
2018/11/28,0.120911368,-0.138924513,0.229268273,-0.26144122,-0.743061245,-0.4599941,,-0.706862449,0.070899853,,,
2018/11/29,0.123116126,-0.107386991,0.233749707,-0.259849609,-0.698491475,-0.437823816,,-0.699344073,-0.001130843,,,
2018/11/30,0.116709327,-0.107565696,0.234015027,-0.265291668,-0.667441278,-0.425340832,,-0.696063567,-0.017696571,,,
2018/12/3,0.108562213,-0.093488848,0.220782478,-0.264046071,-0.666756746,-0.396060131,,-0.676317053,0.017763032,,,
2018/12/4,0.108642437,-0.093245429,0.222601103,-0.264686603,-0.671283267,-0.395804492,,-0.680527562,0.014378749,,,
2018/12/5,0.11449797,-0.102200698,0.239494132,-0.268154343,-0.669100608,-0.411318083,,-0.68769482,0.000659011,,,
2018/12/6,0.123477045,-0.104195179,0.253646984,-0.253791054,-0.667561898,-0.439375985,,-0.672962599,0.02241758,,,
2018/12/7,0.102974363,-0.095852436,0.247239357,-0.241568322,-0.750245854,-0.419070728,,-0.67158274,0.040614704,,,
2018/12/10,0.105487639,-0.070890171,0.25226995,-0.235315242,-0.710029769,-0.393990893,,-0.681937954,0.067067146,,,
2018/12/11,0.107080176,-0.072419302,0.252117014,-0.232860952,-0.69847131,-0.392149948,,-0.680677286,0.069696467,,,
2018/12/12,0.107028162,-0.091640698,0.254256355,-0.224289052,-0.702690258,-0.390024957,,-0.678097991,0.060305921,,,
2018/12/13,0.109979889,-0.108040209,0.269541769,-0.194160445,-0.699964488,-0.352756141,,-0.654603198,0.091505211,,,
2018/12/14,0.111073608,-0.113364968,0.269850818,-0.178876283,-0.668745256,-0.353918427,,-0.629257192,0.107844363,,,
2018/12/17,0.112797142,-0.113166692,0.278297197,-0.190227909,-0.672271166,-0.35263048,,-0.633737082,0.120748126,,,
2018/12/18,0.112728057,-0.11217855,0.276676061,-0.190733337,-0.672522301,-0.351042582,,-0.632709222,0.120384946,,,
2018/12/19,0.111126336,-0.112898335,0.271035796,-0.190922135,-0.679262891,-0.348581897,,-0.62928667,0.122411095,,,
2018/12/20,0.112479881,-0.111002217,0.270725038,-0.189996452,-0.678877659,-0.35420607,,-0.62990334,0.122134667,,,
2018/12/21,0.113159303,-0.117905196,0.278058202,-0.187194769,-0.67779152,-0.355416462,,-0.631901993,0.121210291,,,
2018/12/24,0.11811912,-0.109579889,0.270111628,-0.167099861,-0.690769168,-0.364292611,,-0.638403185,0.113488181,,,
2018/12/25,0.127912297,-0.105140803,0.271289559,-0.158841995,-0.674749496,-0.385657837,,-0.659747515,0.082469781,,,
2018/12/26,0.12884774,-0.088940943,0.259807257,-0.153834757,-0.671525294,-0.387594264,,-0.672923488,0.07688587,,,
2018/12/27,0.128231136,-0.097711806,0.2553499,-0.157109002,-0.671021818,-0.387633789,,-0.676292245,0.092473248,,,
2018/12/28,0.124093799,-0.074312912,0.278213114,-0.151682162,-0.616841816,-0.380226774,,-0.651787657,0.080037081,,,
2019/1/2,0.133029681,-0.056205575,0.277658144,-0.183306006,-0.591086373,-0.423893353,,-0.667323528,0.082830624,,,
2019/1/3,0.141323014,-0.046318619,0.296902702,-0.188298225,-0.584875774,-0.438611053,,-0.666999894,0.070339085,,,
2019/1/4,0.138343528,-0.046545618,0.299925524,-0.18835527,-0.582148713,-0.449269018,,-0.66559912,0.092474009,,,
2019/1/7,0.13812567,-0.051614014,0.299776805,-0.191021238,-0.596233834,-0.449917152,,-0.668533352,0.085302283,,,
2019/1/8,0.137969241,-0.051733165,0.299410291,-0.190617987,-0.596694359,-0.450636946,,-0.669767536,0.084105086,,,
2019/1/9,0.161359506,-0.042234204,0.322749911,-0.2109192,-0.643602646,-0.484712514,,-0.680732571,0.085191415,,,
2019/1/10,0.161414811,-0.038065835,0.326948261,-0.211313437,-0.645486022,-0.487029173,,-0.686557751,0.080518218,,,
2019/1/11,0.162971916,-0.034627339,0.327070316,-0.211678272,-0.644084228,-0.485004793,,-0.680337593,0.080249543,,,
2019/1/14,0.155747768,-0.04188772,0.3214394,-0.225474032,-0.635843417,-0.483790502,,-0.679631289,0.057181291,,,
2019/1/15,0.152586132,-0.031098954,0.332107232,-0.242596509,-0.632668704,-0.473697673,,-0.689730568,0.001610691,,,
2019/1/16,0.150004475,-0.036465264,0.334035167,-0.237580325,-0.637159316,-0.467592319,,-0.689106585,0.004360534,,,
2019/1/17,0.149099194,-0.038342262,0.329315237,-0.23016292,-0.639863993,-0.452965521,,-0.690875474,-0.035569535,,,
2019/1/18,0.140693494,-0.029276415,0.327617808,-0.223311978,-0.622176499,-0.432340356,,-0.68859032,-0.030918988,,,
2019/1/21,0.139274101,-0.027971631,0.327021227,-0.223025848,-0.625743736,-0.429446966,,-0.688139332,-0.030742447,,,
2019/1/22,0.139062226,-0.027744607,0.325967383,-0.223041185,-0.626710211,-0.428759863,,-0.69287535,-0.032782405,,,
2019/1/23,0.140071978,-0.030654237,0.327710809,-0.224753604,-0.630645107,-0.4200627,,-0.686937709,-0.027523964,,,
2019/1/24,0.14007997,-0.029011829,0.327602754,-0.224516886,-0.631515722,-0.420309933,,-0.687486155,-0.025679867,,,
2019/1/25,0.13814995,-0.029561744,0.32695065,-0.230477597,-0.636121766,-0.418538261,,-0.686735891,-0.030047911,,,
2019/1/28,0.15882142,-0.035356132,0.315244583,-0.224875237,-0.633126121,-0.40102626,,-0.67983163,-0.081948662,,,
2019/1/29,0.155269771,-0.025895289,0.329586913,-0.225696786,-0.619116181,-0.399342664,,-0.680459648,-0.063545133,,,
2019/1/30,0.153518854,-0.024193544,0.329616649,-0.207481987,-0.599130159,-0.377571695,,-0.657182221,-0.040015726,,,
2019/1/31,0.157118765,0.010355231,0.328134309,-0.209677389,-0.561559469,-0.372020537,,-0.669167739,-0.054356474,,,
2019/2/1,0.187084114,0.050259066,0.327702545,-0.195998497,-0.515539351,-0.382128503,,-0.680838458,-0.066972118,,,
2019/2/11,0.185302277,0.052182416,0.329630798,-0.194475567,-0.51329965,-0.377170791,,-0.673508001,-0.068904393,,,
2019/2/12,0.183995115,0.051618229,0.319409369,-0.195028313,-0.511610974,-0.376511167,,-0.668468732,-0.066662523,,,
2019/2/13,0.182197066,0.062704475,0.325193085,-0.198818944,-0.457027221,-0.382166131,,-0.66799943,-0.04924859,,,
2019/2/14,0.1803625,0.069679389,0.328388094,-0.197334895,-0.431269814,-0.379172846,,-0.669363629,-0.039519077,,,
2019/2/15,0.181427011,0.068083707,0.334060452,-0.199299382,-0.435987288,-0.393580276,,-0.668994339,-0.046144554,,,
2019/2/18,0.183444124,0.075530956,0.335469198,-0.200939679,-0.426099105,-0.389723804,,-0.670075286,-0.049110163,,,
2019/2/19,0.187054162,0.072738333,0.325502812,-0.20053481,-0.415229558,-0.372510962,,-0.667597677,-0.042413877,,,
2019/2/20,0.195023073,0.038675305,0.32691951,-0.209602696,-0.407579656,-0.348858945,,-0.647906987,0.034300267,,,
2019/2/21,0.193674287,0.038474151,0.327789951,-0.21029444,-0.408534079,-0.351097747,,-0.648777241,0.039365014,,,
2019/2/22,0.169523586,-0.029357005,0.321088222,-0.188635212,-0.451681747,-0.354891404,,-0.648035732,0.144142565,,,
2019/2/25,0.175633497,-0.020722614,0.329257234,-0.1878186,-0.411927977,-0.349265387,,-0.661092507,0.096527667,,,
2019/2/26,0.183036768,-0.015314849,0.340079481,-0.201468728,-0.422183429,-0.38623626,,-0.660448875,0.076916259,,,
2019/2/27,0.198316901,-0.042555245,0.344917264,-0.217759218,-0.614215162,-0.539340012,,-0.684870604,-0.078646974,,,
2019/2/28,0.193512772,-0.03820581,0.349592709,-0.194449389,-0.521337043,-0.4578273,,-0.630909332,-0.042513568,,,
2019/3/1,0.187144249,-0.032891716,0.351851384,-0.176100338,-0.521757607,-0.472585169,,-0.616282546,-0.024018147,,,
2019/3/4,0.186774737,-0.052916456,0.346741117,-0.177175901,-0.518175971,-0.486024158,,-0.659501329,-0.032017905,,,
2019/3/5,0.192379916,-0.078008947,0.326560145,-0.172958392,-0.572253994,-0.482382837,,-0.644773011,-0.027352896,,,
2019/3/6,0.192239898,-0.081160815,0.321786953,-0.174120544,-0.609708052,-0.500499623,,-0.652185161,0.001360411,,,
2019/3/7,0.191161847,-0.081454958,0.319280952,-0.173205466,-0.61159954,-0.501239448,,-0.654447911,0.007081887,,,
2019/3/8,0.196973315,-0.012808998,0.324620134,-0.152768023,-0.46048469,-0.427332786,,-0.636035668,-0.035945595,,,
2019/3/11,0.197484597,-0.010723952,0.319176156,-0.152782308,-0.457651159,-0.428158197,,-0.652465635,-0.035987479,,,
2019/3/12,0.198000458,-0.009950972,0.323219135,-0.151244418,-0.457839987,-0.428666057,,-0.653034848,-0.036133224,,,
2019/3/13,0.196703861,-0.021853815,0.342720323,-0.145610317,-0.492415569,-0.492177049,,-0.662949934,-0.011984171,,,
2019/3/14,0.196385337,-0.030251937,0.348845689,-0.146018369,-0.487559284,-0.485388865,,-0.662759216,-0.015014146,,,
2019/3/15,0.196312225,-0.029973053,0.368844435,-0.155012222,-0.499969523,-0.484986461,,-0.663363584,-0.03552024,,,
2019/3/18,0.207313708,-0.041424761,0.465954976,-0.169428474,-0.473987017,-0.488183019,,-0.658444485,-0.075689364,,,
2019/3/19,0.207003126,-0.040305626,0.465313919,-0.169424146,-0.498014317,-0.492271301,,-0.658447447,-0.084537787,,,
2019/3/20,0.2152409,-0.048193632,0.458887162,-0.177742781,-0.507572555,-0.50707721,,-0.663251933,-0.098142404,,,
2019/3/21,0.236917847,-0.093307796,0.433029293,-0.174070267,-0.527556677,-0.543530925,,-0.658969364,-0.133264855,,,
2019/3/22,0.239985614,-0.092158099,0.447635285,-0.167102616,-0.540930173,-0.558500944,,-0.660810986,-0.14220854,,,
2019/3/25,0.238010855,-0.072928486,0.466695339,-0.166827604,-0.536541931,-0.567655901,,-0.664515056,-0.143505265,,,
2019/3/26,0.29579674,-0.031200865,0.377007789,-0.165268843,-0.626173505,-0.523545111,,-0.632963422,-0.038461025,,,
2019/3/27,0.29757742,-0.030848328,0.377958163,-0.166264667,-0.626876927,-0.522780627,,-0.632634048,-0.029267763,,,
2019/3/28,0.299101815,-0.037845406,0.353527635,-0.143602965,-0.669626721,-0.527783668,,-0.650615092,-0.056994938,,,
2019/3/29,0.297859518,-0.041877133,0.344498733,-0.138234631,-0.659440053,-0.554120211,,-0.617057196,-0.033701154,,,
2019/4/1,0.319480652,-0.031829415,0.336116369,-0.152942476,-0.661157823,-0.527466234,,-0.626201759,-0.104135985,,,
2019/4/2,0.319381021,-0.036815604,0.328751285,-0.159646565,-0.65657866,-0.548654745,,-0.630513318,-0.118145016,,,
2019/4/3,0.315019538,-0.040619438,0.310714096,-0.16214059,-0.660078671,-0.55473547,,-0.628276665,-0.102151901,,,
2019/4/4,0.292229105,-0.053101735,0.270236824,-0.149356125,-0.668985664,-0.542692982,,-0.593370726,-0.046916265,,,
2019/4/8,0.285664,-0.020040072,0.313639324,-0.156400747,-0.633463682,-0.494388314,,-0.586226016,-0.069353564,,,
2019/4/9,0.282224419,-0.039611544,0.312091939,-0.142068997,-0.634342093,-0.496186426,,-0.596499557,-0.019296556,,,
2019/4/10,0.282427132,-0.064643059,0.347794703,-0.113202001,-0.59659952,-0.483066553,,-0.59108156,-0.003058835,,,
2019/4/11,0.285044361,-0.072135719,0.345492551,-0.100968294,-0.6069099,-0.507668525,,-0.590661278,-0.007472229,,,
2019/4/12,0.283031416,-0.096982925,0.345853723,-0.1123907,-0.605301005,-0.500252247,,-0.588256127,0.010345711,,,
2019/4/15,0.285366847,-0.059030946,0.359742372,-0.123263109,-0.60306534,-0.566711437,,-0.608827581,0.033570746,,,
2019/4/16,0.28245451,-0.059052337,0.365969657,-0.123089644,-0.600001666,-0.566847961,,-0.609401376,0.026612462,,,
2019/4/17,0.286782812,-0.039161089,0.354020743,-0.128640358,-0.582127249,-0.597428985,,-0.628663524,0.031113335,,,
2019/4/18,0.276588602,-0.039751802,0.365203823,-0.122016122,-0.535576965,-0.550979042,,-0.587547036,0.03211203,,,
2019/4/19,0.2765255,-0.039685477,0.365096326,-0.124925218,-0.525927828,-0.5511389,,-0.585706453,0.034231881,,,
2019/4/22,0.284734767,-0.047572202,0.358482912,-0.134713373,-0.513728379,-0.557444817,,-0.587310303,0.03600618,,,
2019/4/23,0.310014279,-0.078956954,0.415639794,-0.128818281,-0.529555869,-0.517572352,,-0.621836628,0.031109968,,,
2019/4/24,0.321933766,-0.090252282,0.458874188,-0.133775823,-0.574032481,-0.553158489,,-0.640588572,0.034362622,,,
2019/4/25,0.336350029,-0.083001115,0.464963926,-0.13262203,-0.597244248,-0.567925952,,-0.645773299,0.03426915,,,
2019/4/26,0.329112978,-0.062406558,0.45548254,-0.136425078,-0.59004616,-0.56938799,0.647433059,-0.64118848,0.027229908,,,
2019/4/29,0.353406862,-0.104606091,0.496448996,-0.117174354,-0.608258774,-0.592349984,0.669162909,-0.626789805,0.006586547,,,
2019/4/30,0.376076158,-0.058946794,0.48256409,-0.100610606,-0.602638716,-0.574201625,0.638984165,-0.598546626,-0.008308087,,,
