date,SMB,QMJ
2015-04-27,,
2015-04-28,,
2015-04-29,,
2015-04-30,,
2015-05-04,,
2015-05-05,,
2015-05-06,,
2015-05-07,,
2015-05-08,,
2015-05-11,,
2015-05-12,,
2015-05-13,,
2015-05-14,,
2015-05-15,,
2015-05-18,,
2015-05-19,,
2015-05-20,,
2015-05-21,,
2015-05-22,,
2015-05-25,,
2015-05-26,0.101344,-0.027164
2015-05-27,0.13567400000000002,-0.040001
2015-05-28,0.171544,-0.035607
2015-05-29,0.16115500000000002,-0.024519
2015-06-01,0.166911,-0.021582999999999998
2015-06-02,0.171014,-0.021645
2015-06-03,0.185592,-0.027777
2015-06-04,0.19715300000000002,-0.027964000000000003
2015-06-05,0.186398,-0.036798
2015-06-08,0.174848,-0.037239
2015-06-09,0.138594,-0.024034
2015-06-10,0.138226,-0.018781000000000003
2015-06-11,0.143126,-0.019113000000000005
2015-06-12,0.149795,-0.019254
2015-06-15,0.15129099999999998,-0.019807000000000005
2015-06-16,0.13448,-0.023462000000000004
2015-06-17,0.129477,-0.018948000000000003
2015-06-18,0.118864,-0.023659
2015-06-19,0.11585899999999999,-0.024937
2015-06-23,0.113191,-0.010788000000000004
2015-06-24,0.08465500000000001,-0.002500000000000003
2015-06-25,0.07034,0.0010639999999999972
2015-06-26,0.054613,0.0009359999999999972
2015-06-29,0.039242,0.004816999999999997
2015-06-30,-0.007757,0.022303999999999997
2015-07-01,-0.034506999999999996,0.02354
2015-07-02,-0.08071,0.038676
2015-07-03,-0.130596,0.06629399999999999
2015-07-06,-0.14444800000000002,0.07735299999999999
2015-07-07,-0.228143,0.103379
2015-07-08,-0.259761,0.110372
2015-07-09,-0.253505,0.111728
2015-07-10,-0.282072,0.10750799999999999
2015-07-13,-0.300118,0.096675
2015-07-14,-0.276586,0.08196300000000001
2015-07-15,-0.24108100000000002,0.07459299999999999
2015-07-16,-0.251972,0.093355
2015-07-17,-0.24514599999999998,0.09392699999999998
2015-07-20,-0.23223,0.07595299999999999
2015-07-21,-0.203191,0.059113000000000006
2015-07-22,-0.153296,0.051898
2015-07-23,-0.140473,0.04755199999999999
2015-07-24,-0.12356,0.037566999999999996
2015-07-27,-0.11475199999999999,0.03335799999999999
2015-07-28,-0.0751,0.020316999999999995
2015-07-29,-0.081156,0.03466399999999999
2015-07-30,-0.037022,0.009417999999999992
2015-07-31,0.008291000000000007,-0.012095000000000009
2015-08-03,0.021113000000000007,-0.01818600000000001
2015-08-04,0.06120400000000001,-0.031365000000000004
2015-08-05,0.151142,-0.05749900000000001
2015-08-06,0.15867799999999999,-0.057347
2015-08-07,0.179071,-0.047674
2015-08-10,0.191828,-0.041405
2015-08-11,0.16352,-0.035513
2015-08-12,0.131276,-0.026367000000000005
2015-08-13,0.151387,-0.051968
2015-08-14,0.159236,-0.056941
2015-08-17,0.146204,-0.048168
2015-08-18,0.14603000000000002,-0.049346
2015-08-19,0.11077099999999998,-0.027160000000000004
2015-08-20,0.109833,-0.026441000000000006
2015-08-21,0.092119,-0.011689000000000005
2015-08-24,0.074407,-0.006491000000000007
2015-08-25,0.070402,-0.009600000000000008
2015-08-26,0.09223400000000001,-0.019641000000000006
2015-08-27,0.04347200000000001,0.021877999999999995
2015-08-28,0.027852000000000002,0.016088999999999992
2015-08-31,0.058429,-0.0007540000000000047
2015-09-01,0.067493,-0.016818000000000007
2015-09-02,-0.016912000000000003,0.012998999999999995
2015-09-07,-0.075043,0.028781999999999995
2015-09-08,-0.03974400000000001,0.018763999999999996
2015-09-09,-0.030144000000000008,0.019481999999999992
2015-09-10,-0.018863000000000008,0.02839999999999999
2015-09-11,-0.033218000000000004,0.02963199999999999
2015-09-14,-0.020155000000000006,0.02907399999999999
2015-09-15,-0.07608900000000002,0.03781699999999999
2015-09-16,-0.10270100000000001,0.05958499999999999
2015-09-17,-0.10089500000000001,0.056873
2015-09-18,-0.08306600000000001,0.043512999999999996
2015-09-21,-0.086423,0.04325899999999999
2015-09-22,-0.06918000000000002,0.03105299999999999
2015-09-23,-0.054791000000000006,0.019943999999999996
2015-09-24,-0.04579600000000002,0.021547999999999998
2015-09-25,-0.03239300000000002,0.017576999999999995
2015-09-28,-0.02169100000000001,0.00022199999999999477
2015-09-29,0.009461999999999993,0.0008929999999999949
2015-09-30,-0.004788000000000006,0.015668999999999995
2015-10-08,0.023864999999999997,0.020212999999999995
2015-10-09,0.089936,-0.0032680000000000053
2015-10-12,0.140368,-0.021774
2015-10-13,0.108712,-0.021582000000000004
2015-10-14,0.09729,-0.020800000000000006
2015-10-15,0.077493,-0.017457000000000004
2015-10-16,0.090379,-0.021982000000000005
2015-10-19,0.077772,-0.021137000000000006
2015-10-20,0.118931,-0.026125000000000006
2015-10-21,0.141104,-0.049212000000000006
2015-10-22,0.08735799999999999,-0.023178000000000008
2015-10-23,0.106824,-0.03307500000000001
2015-10-26,0.11890099999999999,-0.028344000000000008
2015-10-27,0.109341,-0.026398000000000008
2015-10-28,0.116712,-0.028266000000000006
2015-10-29,0.106318,-0.02655900000000001
2015-10-30,0.108831,-0.027100000000000006
2015-11-02,0.124259,-0.034418000000000004
2015-11-03,0.102059,-0.027827000000000008
2015-11-04,0.104174,-0.031547000000000006
2015-11-05,0.114242,-0.031695
2015-11-06,0.08975599999999999,-0.029495000000000007
2015-11-09,0.08624299999999999,-0.029119000000000006
2015-11-10,0.070057,-0.013658000000000007
2015-11-11,0.066982,-0.015558000000000006
2015-11-12,0.08460899999999999,-0.018007000000000006
2015-11-13,0.081831,-0.013992000000000006
2015-11-16,0.07492700000000001,-0.009908000000000007
2015-11-17,0.091421,-0.010117000000000008
2015-11-18,0.081595,-0.0015310000000000067
2015-11-19,0.105495,-0.016645000000000007
2015-11-20,0.095933,-0.009084000000000007
2015-11-23,0.08744600000000001,-0.011052000000000008
2015-11-24,0.082762,-0.011204000000000007
2015-11-25,0.089604,-0.004820000000000007
2015-11-26,0.102456,-0.009341000000000006
2015-11-27,0.095283,-0.009151000000000006
2015-11-30,0.089652,-0.0006870000000000053
2015-12-01,0.102274,-0.00029100000000000653
2015-12-02,0.096687,-0.0027860000000000064
2015-12-03,0.056119,0.005601999999999993
2015-12-04,0.080795,0.011493999999999992
2015-12-07,0.09259,0.007042999999999994
2015-12-08,0.105022,-0.0027870000000000065
2015-12-09,0.094947,0.010086999999999994
2015-12-10,0.076086,0.017548999999999995
2015-12-11,0.067514,0.019044999999999996
2015-12-14,0.068418,0.017318999999999994
2015-12-15,0.044568,0.012576999999999993
2015-12-16,0.06308,0.009263999999999994
2015-12-17,0.08012,0.008382999999999995
2015-12-18,0.07808500000000002,0.008638999999999994
2015-12-21,0.06285900000000001,0.012754999999999994
2015-12-22,0.054731,0.015790999999999993
2015-12-23,0.049412,0.009510999999999993
2015-12-24,0.031263000000000006,0.012383999999999994
2015-12-25,0.03315100000000001,0.015901999999999993
2015-12-28,0.047132,0.004557999999999993
2015-12-29,0.0444,0.0020829999999999933
2015-12-30,0.049549,0.007131999999999993
2015-12-31,0.093299,0.0008009999999999931
2016-01-04,0.075059,0.001110999999999993
2016-01-05,0.041405,0.018810999999999994
2016-01-06,0.014358,0.023194999999999993
2016-01-07,0.023392,0.013800999999999994
2016-01-08,0.010494999999999997,0.021836999999999995
2016-01-11,0.0047979999999999984,0.020424999999999992
2016-01-12,-0.011550000000000001,0.024976999999999992
2016-01-13,-0.014283,0.03089499999999999
2016-01-14,-0.04387100000000001,0.041392
2016-01-15,-0.042175000000000004,0.03561199999999999
2016-01-18,-0.061753,0.041797999999999995
2016-01-19,-0.047932,0.035177999999999994
2016-01-20,-0.031934000000000004,0.026635999999999993
2016-01-21,-0.034181,0.031541999999999994
2016-01-22,-0.035764000000000004,0.03957499999999999
2016-01-25,-0.034108000000000006,0.034393999999999994
2016-01-26,-0.033722,0.03370999999999999
2016-01-27,-0.050495,0.041046999999999986
2016-01-28,-0.061117,0.04496899999999999
2016-01-29,-0.08643200000000001,0.058833999999999984
2016-02-01,-0.076096,0.05046399999999999
2016-02-02,-0.059492,0.04592299999999999
2016-02-03,-0.03236800000000001,0.03846299999999999
2016-02-04,-0.033107,0.040371999999999984
2016-02-05,-0.008283,0.02283699999999999
2016-02-15,-0.0023420000000000008,0.02458199999999999
2016-02-16,0.022344,0.01767499999999999
2016-02-17,0.040086,0.012275999999999988
2016-02-18,0.057352,-0.0034320000000000114
2016-02-19,0.049451,7.599999999998819e-05
2016-02-22,0.064015,-0.008645000000000012
2016-02-23,0.050708,-0.00957500000000001
2016-02-24,0.046517,0.0016199999999999886
2016-02-25,0.041546999999999994,-0.0057330000000000115
2016-02-26,0.032351000000000005,-0.0014560000000000128
2016-02-29,0.018592,0.007013999999999987
2016-03-01,-0.016703,0.023548999999999987
2016-03-02,0.0006370000000000013,0.007968999999999987
2016-03-03,0.013958000000000002,-0.006372000000000014
2016-03-04,0.030851,-0.022060000000000014
2016-03-07,-0.004265000000000001,-0.011515000000000015
2016-03-08,0.013388999999999998,-0.024667000000000015
2016-03-09,0.009370999999999997,-0.016427000000000015
2016-03-10,-0.008866000000000002,-0.008236000000000012
2016-03-11,-0.017149,-4.500000000001291e-05
2016-03-14,-0.019544000000000002,-0.002390000000000013
2016-03-15,-0.011252000000000002,-0.005591000000000013
2016-03-16,-0.025974000000000004,0.0015109999999999872
2016-03-17,-0.036775,0.015212999999999987
2016-03-18,-0.025463,0.01012799999999999
2016-03-21,-0.017236,0.005543999999999988
2016-03-22,-0.013221,0.001431999999999987
2016-03-23,-0.015338999999999998,0.000798999999999987
2016-03-24,-0.012006,0.006769999999999986
2016-03-25,0.00438,-0.002372000000000013
2016-03-28,0.015289999999999998,-0.009918000000000014
2016-03-29,0.043516,-0.022329000000000012
2016-03-30,0.033084,-0.015106000000000014
2016-03-31,0.030754999999999998,-0.006597000000000011
2016-04-01,0.033614,-0.003135000000000011
2016-04-05,0.06243099999999999,-0.007159000000000012
2016-04-06,0.056721,-0.004738000000000011
2016-04-07,0.056273,-0.006304000000000011
2016-04-08,0.06613000000000001,-0.01214400000000001
2016-04-11,0.067638,-0.013910000000000011
2016-04-12,0.076858,-0.015125000000000012
2016-04-13,0.06348,-0.008523000000000011
2016-04-14,0.06944499999999999,-0.010571000000000013
2016-04-15,0.08452499999999999,-0.01996900000000001
2016-04-18,0.07599399999999999,-0.013784000000000013
2016-04-19,0.06416699999999999,-0.006668000000000012
2016-04-20,0.06250299999999999,0.0031819999999999887
2016-04-21,0.038275,0.007298999999999989
2016-04-22,0.03219999999999999,0.011591999999999988
2016-04-25,0.037024999999999995,0.006831999999999988
2016-04-26,0.035408999999999996,0.011536999999999988
2016-04-27,0.039628,0.008082999999999988
2016-04-28,0.047657,0.006158999999999988
2016-04-29,0.04132399999999999,0.009604999999999989
2016-05-03,0.039192,0.009432999999999988
2016-05-04,0.047471,0.0073889999999999885
2016-05-05,0.037464,0.010394999999999988
2016-05-06,0.034287,0.010562999999999987
2016-05-09,0.022788999999999997,0.013746999999999988
2016-05-10,0.0029180000000000005,0.01869499999999999
2016-05-11,-0.007137999999999999,0.021017999999999988
2016-05-12,-0.016228,0.021185999999999986
2016-05-13,-0.024006,0.024083999999999987
2016-05-16,-0.030643999999999998,0.029585999999999987
2016-05-17,-0.026520000000000002,0.028222999999999988
2016-05-18,-0.028738000000000003,0.028817999999999986
2016-05-19,-0.049952,0.03012599999999999
2016-05-20,-0.024945000000000005,0.02592499999999999
2016-05-23,-0.017665000000000004,0.022924999999999987
2016-05-24,-0.013378000000000001,0.022557999999999988
2016-05-25,-0.016220000000000005,0.02212199999999999
2016-05-26,-0.022088000000000003,0.02300799999999999
2016-05-27,-0.023597,0.02561899999999999
2016-05-30,-0.019764000000000004,0.024280999999999987
2016-05-31,-0.025831,0.022717999999999988
2016-06-01,-0.030115000000000003,0.018561999999999988
2016-06-02,-0.025275000000000002,0.017482999999999988
2016-06-03,-0.020881000000000004,0.01350899999999999
2016-06-06,-0.012220000000000002,0.012993999999999988
2016-06-07,0.009574999999999997,0.006383999999999988
2016-06-08,0.016346999999999993,0.006551999999999988
2016-06-13,0.026085999999999995,0.005939999999999988
2016-06-14,0.020246999999999994,0.008526999999999988
2016-06-15,0.020926999999999998,0.006536999999999987
2016-06-16,0.027552,0.005611999999999988
2016-06-17,0.035587,0.005308999999999987
2016-06-20,0.056206,0.0051799999999999876
2016-06-21,0.054884,0.008551999999999988
2016-06-22,0.044761,0.007668999999999988
2016-06-23,0.041317000000000006,0.006771999999999988
2016-06-24,0.041109,0.007308999999999988
2016-06-27,0.04235,0.008645999999999989
2016-06-28,0.047363,0.006372999999999988
2016-06-29,0.046852,0.004858999999999989
2016-06-30,0.048453,0.0031469999999999888
2016-07-01,0.047168999999999996,0.009950999999999988
2016-07-04,0.038925999999999995,0.012716999999999987
2016-07-05,0.031771,0.014554999999999988
2016-07-06,0.03667,0.006010999999999988
2016-07-07,0.035324,0.011327999999999987
2016-07-08,0.032303,0.012046999999999987
2016-07-11,0.035074,0.010108999999999988
2016-07-12,0.041985,0.006077999999999987
2016-07-13,0.032043,0.009548999999999988
2016-07-14,0.015809,0.00905399999999999
2016-07-15,0.010823999999999999,0.009236999999999987
2016-07-18,0.0061329999999999996,0.011955999999999987
2016-07-19,0.001914,0.008293999999999985
2016-07-20,0.013727,0.005729999999999986
2016-07-21,0.011963999999999999,0.0057469999999999865
2016-07-22,0.011238,0.004428999999999986
2016-07-25,0.009189,0.0016959999999999864
2016-07-26,0.005463,0.0014899999999999861
2016-07-27,0.004055,0.0026499999999999866
2016-07-28,-0.017469,0.006847999999999986
2016-07-29,-0.020547,0.008151999999999986
2016-08-01,-0.022042,0.008685999999999985
2016-08-02,-0.030482,0.011966999999999986
2016-08-03,-0.027115,0.01524999999999999
2016-08-04,-0.025120999999999997,0.008399999999999987
2016-08-05,-0.022552,0.005374999999999987
2016-08-08,-0.027613,0.007059999999999987
2016-08-09,-0.018009999999999998,0.005153999999999988
2016-08-10,-0.006911999999999998,0.0031289999999999873
2016-08-11,-0.007636999999999998,0.005771999999999987
2016-08-12,-0.018722999999999997,0.006315999999999987
2016-08-15,-0.019575999999999996,0.0026509999999999876
2016-08-16,-0.022559,-0.0009180000000000126
2016-08-17,-0.018823999999999997,-0.002026000000000012
2016-08-18,-0.018126999999999997,-0.001956000000000012
2016-08-19,-0.013274999999999995,-0.004867000000000012
2016-08-22,-0.011727999999999995,-0.005332000000000012
2016-08-23,-0.016280999999999997,-0.004595000000000012
2016-08-24,-0.015901,-0.003044000000000013
2016-08-25,0.011211000000000002,-0.004106000000000012
2016-08-26,0.012611000000000004,-0.005497000000000012
2016-08-29,0.020023,-0.008124000000000013
2016-08-30,0.032603,-0.012743000000000011
2016-08-31,0.026445,-0.012240000000000011
2016-09-01,0.021202000000000002,-0.009942000000000012
2016-09-02,0.017920000000000002,-0.005816000000000013
2016-09-05,0.018113000000000004,-0.006758000000000012
2016-09-06,0.019116,-0.005604000000000013
2016-09-07,0.022925000000000004,-0.010126000000000013
2016-09-08,0.026162,-0.012500000000000013
2016-09-09,0.039775,-0.012285000000000013
2016-09-12,0.043051,-0.014043000000000014
2016-09-13,0.038775000000000004,-0.010236000000000012
2016-09-14,0.038138,-0.006539000000000013
2016-09-19,0.034231,-0.0064270000000000126
2016-09-20,0.036254999999999996,-0.002251000000000013
2016-09-21,0.03727,-0.0008980000000000127
2016-09-22,0.039852,-0.0010010000000000127
2016-09-23,0.039545,-0.0019260000000000126
2016-09-26,0.035773,-0.0024640000000000126
2016-09-27,0.031745999999999996,-0.0031480000000000128
2016-09-28,0.028922,-0.0017380000000000125
2016-09-29,0.025351,0.0014659999999999877
2016-09-30,0.026975,0.0013359999999999878
2016-10-10,0.029923,0.0011849999999999877
2016-10-11,0.036279,-0.0022710000000000126
2016-10-12,0.041869,-0.003790000000000012
2016-10-13,0.041229999999999996,-0.0027550000000000126
2016-10-14,0.036858,-0.0037420000000000127
2016-10-17,0.033685999999999994,-0.0023800000000000123
2016-10-18,0.027378999999999997,-0.0024270000000000125
2016-10-19,0.030868999999999997,-0.004854000000000012
2016-10-20,0.042476999999999994,-0.0068510000000000125
2016-10-21,0.033964999999999995,-0.006472000000000012
2016-10-24,0.028402999999999998,-0.008130000000000012
2016-10-25,0.021467,-0.009935000000000012
2016-10-26,0.023546,-0.007436000000000012
2016-10-27,0.025421,-0.007488000000000012
2016-10-28,0.026188000000000003,-0.00932700000000001
2016-10-31,0.018715,-0.0054140000000000126
2016-11-01,0.025534,-0.005396000000000011
2016-11-02,0.029645,-0.004604000000000013
2016-11-03,0.031257,-0.003867000000000012
2016-11-04,0.031499,-0.007904000000000012
2016-11-07,0.031455,-0.00755200000000001
2016-11-08,0.027365000000000004,-0.00829800000000001
2016-11-09,0.025498,-0.00683500000000001
2016-11-10,0.022083000000000002,-0.007286000000000011
2016-11-11,0.025285000000000002,-0.005984000000000011
2016-11-14,0.025043000000000003,-0.01093800000000001
2016-11-15,0.025472,-0.01540300000000001
2016-11-16,0.027797000000000002,-0.010822000000000012
2016-11-17,0.024937000000000004,-0.009344000000000012
2016-11-18,0.021241000000000003,-0.012998000000000011
2016-11-21,0.029345000000000003,-0.006960000000000011
2016-11-22,0.030170000000000002,-0.0073670000000000116
2016-11-23,0.027057,-0.009455000000000012
2016-11-24,0.018850000000000002,-0.00997200000000001
2016-11-25,0.010385000000000002,-0.007464000000000011
2016-11-28,0.011114000000000002,-0.009290000000000012
2016-11-29,0.002876000000000001,-0.013489000000000011
2016-11-30,-0.017952,-0.013063000000000012
2016-12-01,-0.016371,-0.012485000000000013
2016-12-02,-0.018646,-0.008754000000000012
2016-12-05,-0.030601,-0.008915000000000013
2016-12-06,-0.026884000000000005,-0.0014340000000000125
2016-12-07,-0.023681999999999998,-0.0012920000000000123
2016-12-08,-0.017032,-0.004588000000000012
2016-12-09,-0.025135,0.0002569999999999877
2016-12-12,-0.029962000000000003,0.004719999999999987
2016-12-13,-0.054076,0.013141999999999989
2016-12-14,-0.053312,0.01255799999999999
2016-12-15,-0.049782,0.012725999999999987
2016-12-16,-0.030137999999999998,0.012229999999999987
2016-12-19,-0.024336,0.007218999999999988
2016-12-20,-0.017804,0.007880999999999989
2016-12-21,-0.015427999999999997,0.006736999999999988
2016-12-22,-0.010592999999999998,0.004355999999999988
2016-12-23,-0.0049029999999999985,0.0020329999999999884
2016-12-26,-0.004352999999999998,-6.200000000001173e-05
2016-12-27,0.003920000000000002,0.0020809999999999882
2016-12-28,0.026414000000000003,-0.0014270000000000114
2016-12-29,0.023151000000000005,-0.003221000000000011
2016-12-30,0.023926000000000003,-0.0033230000000000113
2017-01-03,0.032552,-0.002103000000000011
2017-01-04,0.029656000000000002,-0.011606000000000012
2017-01-05,0.028137000000000002,-0.013087000000000012
2017-01-06,0.022547000000000005,-0.009538000000000012
2017-01-09,0.023818000000000006,-0.011039000000000012
2017-01-10,0.031301,-0.012979000000000011
2017-01-11,0.056298,-0.014618000000000011
2017-01-12,0.045939,-0.01688400000000001
2017-01-13,0.038517,-0.01605700000000001
2017-01-16,0.006131000000000001,-0.01009700000000001
2017-01-17,-0.040765,-0.004630000000000011
2017-01-18,-0.03916,-0.003086000000000011
2017-01-19,-0.047462000000000004,-0.003768000000000011
2017-01-20,-0.047279,-0.0006030000000000108
2017-01-23,-0.037957000000000005,-0.0016000000000000107
2017-01-24,-0.026108000000000006,-0.0012600000000000107
2017-01-25,-0.032302000000000004,0.002810999999999989
2017-01-26,-0.040532000000000006,0.007016999999999989
2017-02-03,-0.040576,0.0067489999999999885
2017-02-06,-0.03792600000000001,0.006775999999999989
2017-02-07,-0.029052,0.0011079999999999888
2017-02-08,-0.028304000000000003,0.002196999999999989
2017-02-09,-0.027428000000000004,0.0019279999999999883
2017-02-10,-0.023215000000000003,-0.0011840000000000119
2017-02-13,-0.025589,-0.003704000000000012
2017-02-14,-0.028539000000000002,-0.00013200000000001196
2017-02-15,-0.029372000000000002,-0.004396000000000012
2017-02-16,-0.031329,-0.0003940000000000122
2017-02-17,-0.022925,-0.005938000000000012
2017-02-20,-0.010913000000000003,-0.006447000000000012
2017-02-21,0.022355,-0.009631000000000011
2017-02-22,0.018240000000000003,-0.009869000000000011
2017-02-23,0.024655000000000003,-0.004484000000000011
2017-02-24,0.024813,-0.003113000000000012
2017-02-27,0.018334000000000003,-0.002473000000000012
2017-02-28,0.012142000000000003,-0.0006480000000000118
2017-03-01,0.016468000000000003,-0.0034500000000000117
2017-03-02,0.019556000000000004,-0.006441000000000011
2017-03-03,0.01641,-0.003602000000000012
2017-03-06,0.017181000000000002,-0.0034500000000000117
2017-03-07,0.015771000000000004,0.0002149999999999884
2017-03-08,0.012205000000000004,0.005875999999999989
2017-03-09,0.005544000000000004,0.006221999999999989
2017-03-10,0.0010900000000000037,0.008236999999999987
2017-03-13,0.004097000000000004,0.013412999999999987
2017-03-14,0.0037960000000000042,0.014783999999999988
2017-03-15,0.003689000000000004,0.016305999999999987
2017-03-16,0.008429000000000004,0.016375999999999988
2017-03-17,0.008304000000000002,0.01571499999999999
2017-03-20,0.013648000000000004,0.01436899999999999
2017-03-21,0.019856000000000006,0.015716999999999988
2017-03-22,0.013792000000000002,0.01602699999999999
2017-03-23,0.010160000000000004,0.013616999999999988
2017-03-24,0.008856000000000003,0.01127299999999999
2017-03-27,0.0031830000000000035,0.01106299999999999
2017-03-28,0.004243000000000004,0.008593999999999989
2017-03-29,0.004297000000000003,0.008399999999999989
2017-03-30,-0.003355999999999996,0.007138999999999989
2017-03-31,-0.014799999999999997,0.004399999999999989
2017-04-05,-0.024561999999999997,0.00839899999999999
2017-04-06,-0.025493999999999996,0.0043699999999999885
2017-04-07,-0.024551999999999997,-0.0003730000000000107
2017-04-10,-0.023885999999999998,0.001956999999999989
2017-04-11,-0.031793,0.0015879999999999896
2017-04-12,-0.026729999999999997,-0.0060180000000000095
2017-04-13,-0.031196999999999996,-0.0026840000000000093
2017-04-14,-0.028699999999999996,-0.0038490000000000095
2017-04-17,-0.033885,-0.00411200000000001
2017-04-18,-0.05187,0.004254999999999991
2017-04-19,-0.061576,0.005031999999999991
2017-04-20,-0.071381,0.005876999999999992
2017-04-21,-0.079202,0.005958999999999992
2017-04-24,-0.082688,0.008003999999999992
2017-04-25,-0.101675,0.01802999999999999
2017-04-26,-0.09701699999999999,0.01941099999999999
2017-04-27,-0.094176,0.02238499999999999
2017-04-28,-0.089807,0.021962999999999993
2017-05-02,-0.076936,0.020897999999999993
2017-05-03,-0.057477999999999994,0.018630999999999995
2017-05-04,-0.048442,0.016041999999999994
2017-05-05,-0.053620999999999995,0.020362999999999992
2017-05-08,-0.060191999999999996,0.026527999999999993
2017-05-09,-0.069497,0.03094099999999999
2017-05-10,-0.057663,0.03196799999999999
2017-05-11,-0.07327600000000001,0.04217499999999999
2017-05-12,-0.079383,0.04089199999999999
2017-05-15,-0.088832,0.04430699999999999
2017-05-16,-0.081758,0.04365999999999999
2017-05-17,-0.056131999999999994,0.03750099999999999
2017-05-18,-0.04095,0.030490999999999994
2017-05-19,-0.03568,0.029680999999999992
2017-05-22,-0.026000999999999996,0.028511999999999992
2017-05-23,-0.039713,0.031010999999999993
2017-05-24,-0.048674999999999996,0.029592999999999994
2017-05-25,-0.045011999999999996,0.027116999999999992
2017-05-26,-0.05152799999999999,0.022013999999999992
2017-05-31,-0.055196999999999996,0.02402499999999999
2017-06-01,-0.068143,0.02982599999999999
2017-06-02,-0.099369,0.03623799999999999
2017-06-05,-0.088643,0.03290099999999999
2017-06-06,-0.077713,0.028365999999999995
2017-06-07,-0.073262,0.024717999999999993
2017-06-08,-0.05269299999999999,0.019728999999999993
2017-06-09,-0.061162999999999995,0.023295999999999994
2017-06-12,-0.052611,0.019911999999999992
2017-06-13,-0.05295199999999999,0.020400999999999992
2017-06-14,-0.03589699999999999,0.017709999999999993
2017-06-15,-0.028923999999999995,0.014297999999999993
2017-06-16,-0.029441999999999996,0.011212999999999992
2017-06-19,-0.037849999999999995,0.016272999999999992
2017-06-20,-0.034997999999999994,0.011194999999999991
2017-06-21,-0.03272699999999999,0.011767999999999992
2017-06-22,-0.019688999999999998,0.008483999999999992
2017-06-23,-0.005881999999999995,0.0030389999999999914
2017-06-26,-0.016618999999999995,0.0075759999999999925
2017-06-27,-0.011675999999999995,0.009312999999999991
2017-06-28,-0.012002999999999995,0.006604999999999991
2017-06-29,-0.008858999999999995,0.0014129999999999915
2017-06-30,0.016155000000000006,-0.0008510000000000089
2017-07-03,0.001096000000000006,0.0028509999999999907
2017-07-04,0.0003590000000000069,0.005249999999999992
2017-07-05,0.006030000000000007,0.003004999999999992
2017-07-06,-0.004066999999999993,0.0006029999999999916
2017-07-07,0.0003130000000000063,-0.004526000000000008
2017-07-10,0.006984000000000006,-0.0077620000000000085
2017-07-11,0.016240000000000004,-0.015051000000000007
2017-07-12,-0.006776999999999995,-0.010306000000000008
2017-07-13,-0.014608999999999994,-0.007193000000000009
2017-07-14,-0.031698,-0.004875000000000008
2017-07-17,-0.039522999999999996,-0.0023730000000000075
2017-07-18,-0.083589,0.013909999999999994
2017-07-19,-0.07646099999999999,0.0058639999999999925
2017-07-20,-0.07276999999999999,-0.0030080000000000063
2017-07-21,-0.05747399999999999,-0.006129000000000007
2017-07-24,-0.050367999999999996,-0.008138000000000006
2017-07-25,-0.04827499999999999,-0.008716000000000007
2017-07-26,-0.04846099999999999,-0.0023580000000000077
2017-07-27,-0.04275899999999999,0.0027179999999999926
2017-07-28,-0.02919199999999999,0.0012639999999999926
2017-07-31,-0.030916999999999993,0.0012989999999999927
2017-08-01,-0.039775,0.0003379999999999924
2017-08-02,-0.04960199999999999,0.0027489999999999928
2017-08-03,-0.05683899999999999,0.008724999999999993
2017-08-04,-0.046984999999999985,0.008017999999999992
2017-08-07,-0.05042399999999999,0.005633999999999993
2017-08-08,-0.04553299999999999,0.008036999999999994
2017-08-09,-0.02953499999999999,0.003184999999999992
2017-08-10,-0.02638699999999999,0.0006839999999999919
2017-08-11,-0.025573999999999993,0.0056349999999999924
2017-08-14,-0.017847999999999992,0.010198999999999993
2017-08-15,0.03270000000000001,-0.00982400000000001
2017-08-16,0.022987000000000004,0.0025299999999999915
2017-08-17,0.031201000000000003,0.00852099999999999
2017-08-18,0.03493400000000001,0.0016019999999999915
2017-08-21,0.029576000000000005,0.0009429999999999916
2017-08-22,0.029343000000000008,0.0007709999999999915
2017-08-23,0.021443000000000004,-0.0004400000000000085
2017-08-24,0.014747000000000003,0.0016099999999999916
2017-08-25,-0.0005109999999999954,0.0030249999999999917
2017-08-28,-0.003200999999999995,0.003942999999999992
2017-08-29,-0.0037859999999999947,0.002396999999999991
2017-08-30,0.0011840000000000054,0.0017379999999999917
2017-08-31,0.010223000000000006,-0.005130000000000008
2017-09-01,0.005702000000000004,-0.004384000000000008
2017-09-04,0.010214000000000004,-0.005273000000000009
2017-09-05,0.009618000000000005,-0.004841000000000008
2017-09-06,0.0038250000000000037,-0.0014630000000000077
2017-09-07,0.005371000000000003,-0.0016690000000000082
2017-09-08,0.012916000000000004,-0.001684000000000008
2017-09-11,0.017355000000000002,-0.006788000000000008
2017-09-12,0.015946000000000002,-0.0016620000000000083
2017-09-13,0.013029000000000004,-0.006897000000000008
2017-09-14,0.009485000000000004,-0.005832000000000008
2017-09-15,0.009221000000000003,-0.0010310000000000085
2017-09-18,0.011259000000000003,-0.0020050000000000085
2017-09-19,0.010911000000000004,-0.0024520000000000084
2017-09-20,0.016256000000000003,-0.0015070000000000083
2017-09-21,0.023915000000000002,-0.006381000000000008
2017-09-22,0.018235000000000005,-0.003287000000000008
2017-09-25,0.022137000000000004,-0.004218000000000008
2017-09-26,0.011322000000000004,0.007987999999999992
2017-09-27,0.011371000000000004,0.004304999999999991
2017-09-28,0.014631000000000005,0.005090999999999991
2017-09-29,0.004033000000000004,0.008587999999999991
2017-10-09,0.0045560000000000045,0.00938399999999999
2017-10-10,0.005852000000000005,0.008636999999999992
2017-10-11,0.018406000000000006,0.005633999999999991
2017-10-12,0.012090000000000005,0.01276699999999999
2017-10-13,0.007141000000000005,0.010410999999999991
2017-10-16,0.004525000000000005,0.008203999999999989
2017-10-17,-0.020034999999999997,0.012443999999999992
2017-10-18,-0.015078999999999999,0.013784999999999992
2017-10-19,-0.030701999999999997,0.021632999999999993
2017-10-20,-0.041075999999999994,0.03278899999999999
2017-10-23,-0.02923,0.02934599999999999
2017-10-24,-0.028774,0.030665999999999992
2017-10-25,-0.036867,0.027079999999999993
2017-10-26,-0.038074,0.026132999999999993
2017-10-27,-0.030202999999999997,0.015845999999999992
2017-10-30,-0.037868,0.02208899999999999
2017-10-31,-0.049784999999999996,0.02135899999999999
2017-11-01,-0.043491999999999996,0.021175999999999993
2017-11-02,-0.048820999999999996,0.024373999999999993
2017-11-03,-0.053556,0.02419099999999999
2017-11-06,-0.062759,0.02950299999999999
2017-11-07,-0.063978,0.03002699999999999
2017-11-08,-0.076265,0.027659999999999994
2017-11-09,-0.069672,0.021167999999999992
2017-11-10,-0.06874799999999999,0.01895399999999999
2017-11-13,-0.075214,0.021287999999999994
2017-11-14,-0.06335,0.018855999999999994
2017-11-15,-0.06559599999999999,0.01566999999999999
2017-11-16,-0.049473,0.00935499999999999
2017-11-17,-0.049008,0.00456499999999999
2017-11-20,-0.090709,0.01612799999999999
2017-11-21,-0.102397,0.01806499999999999
2017-11-22,-0.10423600000000001,0.014949999999999991
2017-11-23,-0.11200700000000001,0.01485599999999999
2017-11-24,-0.105287,0.01976799999999999
2017-11-27,-0.093433,0.010944999999999988
2017-11-28,-0.06758,0.004566999999999989
2017-11-29,-0.06654,0.006011999999999989
2017-11-30,-0.06664400000000001,0.0036329999999999887
2017-12-01,-0.051646000000000004,0.0022219999999999883
2017-12-04,-0.04146300000000001,-0.002244000000000012
2017-12-05,-0.056084999999999996,0.00037799999999998794
2017-12-06,-0.075206,0.010728999999999989
2017-12-07,-0.069186,0.008860999999999989
2017-12-08,-0.060572,0.007483999999999989
2017-12-11,-0.052816999999999996,0.007180999999999989
2017-12-12,-0.049555999999999996,0.007282999999999989
2017-12-13,-0.047191000000000004,0.010262999999999987
2017-12-14,-0.050914,0.00940799999999999
2017-12-15,-0.038996,0.004444999999999989
2017-12-18,0.0011140000000000004,-0.004637000000000011
2017-12-19,0.003047000000000001,-0.0022250000000000113
2017-12-20,0.009852000000000001,0.0010889999999999888
2017-12-21,0.007044000000000002,0.005590999999999988
2017-12-22,-0.007237999999999999,0.006322999999999989
2017-12-25,-0.010655,0.007907999999999988
2017-12-26,-0.023732999999999997,0.010667999999999988
2017-12-27,-0.028968999999999998,0.01212899999999999
2017-12-28,-0.02132,0.013358999999999989
2017-12-29,-0.030739,0.017197999999999988
2018-01-02,-0.033748,0.01836199999999999
2018-01-03,-0.025019,0.01457899999999999
2018-01-04,0.002017999999999999,0.004623999999999989
2018-01-05,-0.012573,0.009205999999999988
2018-01-08,-0.019902,0.011857999999999988
2018-01-09,-0.027718,0.01289499999999999
2018-01-10,-0.027646,0.014348999999999988
2018-01-11,-0.038726000000000003,0.017366999999999987
2018-01-12,-0.032100000000000004,0.016466999999999985
2018-01-15,-0.042862,0.02049699999999999
2018-01-16,-0.072658,0.02996499999999999
2018-01-17,-0.06862700000000001,0.025102999999999986
2018-01-18,-0.062412,0.026574999999999988
2018-01-19,-0.06201000000000001,0.02833399999999999
2018-01-22,-0.057492,0.029831999999999987
2018-01-23,-0.05743,0.03319699999999999
2018-01-24,-0.059571000000000006,0.03902599999999999
2018-01-25,-0.057769,0.03545599999999999
2018-01-26,-0.06253500000000001,0.03545599999999999
2018-01-29,-0.064123,0.03267999999999999
2018-01-30,-0.06670100000000001,0.03404799999999999
2018-01-31,-0.054225,0.03455599999999999
2018-02-01,-0.08542,0.04975499999999999
2018-02-02,-0.11597299999999999,0.06207899999999999
2018-02-05,-0.134214,0.063315
2018-02-06,-0.13841900000000001,0.061644999999999985
2018-02-07,-0.155237,0.06035799999999999
2018-02-08,-0.119881,0.04559399999999999
2018-02-09,-0.103229,0.04160799999999999
2018-02-12,-0.085049,0.044944999999999985
2018-02-13,-0.052967,0.03424099999999999
2018-02-14,-0.061354000000000006,0.037450999999999984
2018-02-22,-0.066367,0.036964999999999984
2018-02-23,-0.06685,0.03341799999999999
2018-02-26,-0.065546,0.029644999999999984
2018-02-27,-0.05712300000000001,0.023585999999999985
2018-02-28,-0.030743000000000003,0.008253999999999987
2018-03-01,-0.026094000000000006,0.007111999999999986
2018-03-02,-0.018839,0.006741999999999987
2018-03-05,-0.009777000000000004,0.0027009999999999873
2018-03-06,-0.006994000000000004,-0.001042000000000013
2018-03-07,-0.016672000000000003,-0.0025320000000000125
2018-03-08,0.010577999999999999,-0.012872000000000012
2018-03-09,0.047417999999999995,-0.026846000000000016
2018-03-12,0.074653,-0.02795200000000001
2018-03-13,0.09379799999999999,-0.031132000000000014
2018-03-14,0.11982899999999999,-0.03167900000000001
2018-03-15,0.08834499999999999,-0.016345000000000012
2018-03-16,0.057579000000000005,-0.012037000000000013
2018-03-19,0.055557999999999996,-0.021674000000000013
2018-03-20,0.045624,-0.014695000000000014
2018-03-21,0.056511000000000006,-0.015358000000000012
2018-03-22,0.060409,-0.015665000000000012
2018-03-23,0.079864,-0.01861300000000001
2018-03-26,0.057265,-0.012210000000000013
2018-03-27,0.064083,-0.019704000000000013
2018-03-28,0.0649,-0.018250000000000016
2018-03-29,0.067798,-0.016959000000000016
2018-03-30,0.056726,-0.012829000000000016
2018-04-02,0.063999,-0.012361000000000016
2018-04-03,0.066496,-0.014819000000000014
2018-04-04,0.06686,-0.010838000000000014
2018-04-09,0.065142,-0.013081000000000014
2018-04-10,0.065774,-0.012365000000000013
2018-04-11,0.041189,-0.0075010000000000155
2018-04-12,0.035111,0.0005149999999999851
2018-04-13,0.03426800000000001,4.3999999999985105e-05
2018-04-16,0.042988000000000005,-0.006567000000000015
2018-04-17,0.056183000000000004,-0.010576000000000016
2018-04-18,0.038787,-0.005012000000000015
2018-04-19,0.040939,-0.010960000000000015
2018-04-20,0.034231000000000004,-0.012157000000000015
2018-04-23,0.02513200000000001,-0.012434000000000014
2018-04-24,0.010653000000000006,-0.006666000000000015
2018-04-25,0.03588500000000001,-0.009467000000000014
2018-04-26,0.032028,0.0009819999999999866
2018-04-27,0.011843000000000003,0.006266999999999986
2018-05-02,-0.0018379999999999976,0.010080999999999986
2018-05-03,-0.008232999999999997,0.007640999999999987
2018-05-04,-0.015564,0.009671999999999986
2018-05-07,-0.020299999999999995,0.014502999999999986
2018-05-08,-0.015752,0.016960999999999987
2018-05-09,-0.013918999999999997,0.019159999999999986
2018-05-10,-0.012172999999999996,0.021398999999999987
2018-05-11,0.006053000000000001,0.02027299999999999
2018-05-14,-0.006187999999999999,0.01841799999999999
2018-05-15,-0.023663,0.021235999999999988
2018-05-16,-0.019635,0.022262999999999988
2018-05-17,-0.023791,0.02475899999999999
2018-05-18,-0.011744000000000001,0.021799999999999986
2018-05-21,-0.017592999999999998,0.026697999999999986
2018-05-22,-0.004644999999999998,0.02475799999999999
2018-05-23,0.010467,0.023812999999999987
2018-05-24,0.015255000000000001,0.01721999999999999
2018-05-25,0.018712000000000003,0.013355999999999988
2018-05-28,0.005219000000000003,0.015259999999999985
2018-05-29,-0.0007359999999999971,0.018689999999999988
2018-05-30,0.0006380000000000029,0.01948899999999999
2018-05-31,-0.009898999999999998,0.020153999999999988
2018-06-01,-0.012556999999999999,0.023763999999999987
2018-06-04,-0.015167,0.024269999999999986
2018-06-05,-0.025411999999999997,0.026910999999999987
2018-06-06,-0.021685999999999997,0.024236999999999988
2018-06-07,-0.023773,0.021456999999999987
2018-06-08,-0.034367999999999996,0.01907999999999999
2018-06-11,-0.024407999999999996,0.018351999999999986
2018-06-12,-0.014496999999999996,0.014587999999999988
2018-06-13,-0.024155,0.01728699999999999
2018-06-14,-0.033586,0.021756999999999985
2018-06-15,-0.04148999999999999,0.023208999999999987
2018-06-19,-0.05748399999999999,0.026386999999999987
2018-06-20,-0.10028999999999999,0.043043999999999985
2018-06-21,-0.099716,0.04320599999999999
2018-06-22,-0.115407,0.04851599999999999
2018-06-25,-0.11229299999999999,0.04828299999999999
2018-06-26,-0.09864,0.04771099999999999
2018-06-27,-0.07161899999999999,0.038639999999999994
2018-06-28,-0.05970299999999999,0.03571399999999999
2018-06-29,-0.042027999999999996,0.03214399999999999
2018-07-02,-0.03974499999999999,0.02845699999999999
2018-07-03,-0.024851999999999992,0.024226999999999988
2018-07-04,-0.0036029999999999916,0.014274999999999989
2018-07-05,-0.01642499999999999,0.01676199999999999
2018-07-06,-0.03531499999999999,0.02229899999999999
2018-07-09,-0.026795999999999993,0.024941999999999992
2018-07-10,-0.03514699999999999,0.03022799999999999
2018-07-11,-0.02674299999999999,0.03285699999999999
2018-07-12,-0.03264499999999999,0.036617999999999984
2018-07-13,-0.022647999999999995,0.03200099999999999
2018-07-16,-0.02161099999999999,0.03162599999999999
2018-07-17,0.001987000000000008,0.02231299999999999
2018-07-18,0.047736000000000015,0.0028719999999999874
2018-07-19,0.04202600000000001,0.0028269999999999875
2018-07-20,0.046320000000000014,0.0006209999999999873
2018-07-23,0.03063500000000001,0.006941999999999988
2018-07-24,0.01833900000000001,-0.0002530000000000119
2018-07-25,0.0030600000000000098,-0.004739000000000012
2018-07-26,-0.00423699999999999,-0.001865000000000012
2018-07-27,0.011390000000000011,-0.006318000000000011
2018-07-30,0.004368000000000012,-0.005588000000000012
2018-07-31,-0.02318499999999999,0.0006529999999999882
2018-08-01,-0.03583899999999999,0.006476999999999988
2018-08-02,-0.022712999999999987,0.0043109999999999885
2018-08-03,-0.013844999999999988,-0.0015960000000000121
2018-08-06,-0.010708999999999988,-0.0029820000000000124
2018-08-07,-0.006646999999999987,-0.009018000000000012
2018-08-08,-0.014183999999999988,-0.015163000000000012
2018-08-09,-0.0021929999999999875,-0.021381000000000015
2018-08-10,-0.005116999999999988,-0.02025300000000001
2018-08-13,-0.0004119999999999879,-0.02504500000000001
2018-08-14,-0.0018119999999999877,-0.025538000000000012
2018-08-15,-0.007508999999999988,-0.01968300000000001
2018-08-16,-0.004738999999999987,-0.022621000000000013
2018-08-17,0.0008520000000000125,-0.02310200000000001
2018-08-20,0.005017000000000013,-0.02524100000000001
2018-08-21,0.002181000000000013,-0.01550700000000001
2018-08-22,-0.003855999999999987,-0.004779000000000011
2018-08-23,-0.011079999999999987,-0.003314000000000011
2018-08-24,-0.02351999999999999,0.004446999999999989
2018-08-27,-0.024059999999999988,0.005714999999999989
2018-08-28,-0.014480999999999989,0.004465999999999989
2018-08-29,-0.013352999999999986,0.0020239999999999885
2018-08-30,-0.01856799999999999,0.0009179999999999885
2018-08-31,-0.01590899999999999,0.005033999999999988
2018-09-03,-0.02490199999999999,0.0025599999999999885
2018-09-04,-0.021319999999999992,0.0019859999999999886
2018-09-05,-0.01756599999999999,0.006295999999999988
2018-09-06,-0.01445199999999999,0.004678999999999989
2018-09-07,-0.00810099999999999,0.006412999999999988
2018-09-10,-0.01041199999999999,0.010981999999999988
2018-09-11,-0.01858599999999999,0.015767999999999987
2018-09-12,-0.01701299999999999,0.012428999999999989
2018-09-13,-0.01479999999999999,0.01097599999999999
2018-09-14,-0.011714999999999991,0.012158999999999988
2018-09-17,-0.015272999999999991,0.014433999999999989
2018-09-18,-0.014142999999999992,0.01199799999999999
2018-09-19,-0.010414999999999992,0.006949999999999989
2018-09-20,-0.008642999999999991,0.00734099999999999
2018-09-21,-0.012223999999999992,0.00576999999999999
2018-09-25,-0.02430299999999999,0.01110399999999999
2018-09-26,-0.01738899999999999,0.01173599999999999
2018-09-27,-0.027072999999999993,0.01660799999999999
2018-09-28,-0.04037199999999999,0.01895699999999999
2018-10-08,-0.03710399999999999,0.01736299999999999
2018-10-09,-0.02624299999999999,0.010718999999999989
2018-10-10,-0.020557999999999993,0.01177399999999999
2018-10-11,-0.015506999999999991,0.01270299999999999
2018-10-12,-0.046715999999999994,0.02526699999999999
2018-10-15,-0.07364899999999999,0.036355999999999986
2018-10-16,-0.06820999999999999,0.03855299999999999
2018-10-17,-0.067517,0.044969999999999996
2018-10-18,-0.06838899999999999,0.045626999999999994
2018-10-19,-0.07948699999999999,0.052904999999999994
2018-10-22,-0.08793099999999998,0.057569999999999996
2018-10-23,-0.07618999999999998,0.04806199999999999
2018-10-24,-0.05823399999999999,0.040280999999999983
2018-10-25,-0.055698999999999985,0.04361999999999999
2018-10-26,-0.059801999999999994,0.04069699999999999
2018-10-29,-0.048040999999999986,0.03936299999999999
2018-10-30,-0.020600999999999987,0.025512999999999987
2018-10-31,-0.019088999999999984,0.02288499999999999
2018-11-01,-0.011746999999999987,0.01589099999999999
2018-11-02,0.0022660000000000145,0.012926999999999989
2018-11-05,-0.0032129999999999854,0.011617999999999988
2018-11-06,0.007445000000000014,0.012081999999999987
2018-11-07,0.0018650000000000138,0.007521999999999988
2018-11-08,0.000699000000000013,0.0065069999999999885
2018-11-09,0.03241000000000001,-0.004351000000000012
2018-11-12,0.06801700000000002,-0.02177100000000001
2018-11-13,0.078794,-0.03178100000000001
2018-11-14,0.09488000000000002,-0.045106000000000014
2018-11-15,0.09887700000000002,-0.047618000000000014
2018-11-16,0.11119500000000002,-0.05128500000000001
2018-11-19,0.12737,-0.05984100000000001
2018-11-20,0.12064600000000002,-0.055283000000000006
2018-11-21,0.10190100000000002,-0.04632400000000001
2018-11-22,0.10890200000000001,-0.04767700000000001
2018-11-23,0.12046300000000001,-0.047277000000000007
2018-11-26,0.08730900000000001,-0.03758600000000001
2018-11-27,0.076951,-0.03229800000000001
2018-11-28,0.08266100000000001,-0.03362200000000001
2018-11-29,0.08157500000000001,-0.02818400000000001
2018-11-30,0.06796,-0.02371700000000001
2018-12-03,0.07211200000000001,-0.020996000000000008
2018-12-04,0.060502000000000014,-0.016802000000000008
2018-12-05,0.06780700000000002,-0.01639400000000001
2018-12-06,0.05835500000000001,-0.01619900000000001
2018-12-07,0.054063000000000014,-0.01489500000000001
2018-12-10,0.041340000000000016,-0.01327000000000001
2018-12-11,0.021603000000000015,-0.0032440000000000095
2018-12-12,0.014765000000000014,0.0014739999999999903
2018-12-13,0.0026870000000000136,0.00727999999999999
2018-12-14,-0.010013999999999985,0.0062729999999999895
2018-12-17,-0.026836999999999986,0.01265999999999999
2018-12-18,-0.020240999999999985,0.012590999999999991
2018-12-19,-0.013777999999999986,0.01014599999999999
2018-12-20,-0.021972999999999986,0.01232999999999999
2018-12-21,-0.015377999999999987,0.008864999999999991
2018-12-24,0.008942000000000012,9.99999999989616e-07
2018-12-25,0.011998000000000012,0.0024729999999999895
2018-12-26,8.900000000001051e-05,0.011320999999999989
2018-12-27,0.00487400000000001,0.00950199999999999
2018-12-28,0.006215000000000009,0.011429999999999989
2019-01-02,0.00400300000000001,0.007882999999999989
2019-01-03,0.01318100000000001,0.008553999999999989
2019-01-04,0.0034830000000000104,0.01106499999999999
2019-01-07,0.01089600000000001,0.007608999999999989
2019-01-08,0.02182100000000001,0.0005619999999999896
2019-01-09,0.022835000000000008,0.0019849999999999885
2019-01-10,0.02188800000000001,0.002939999999999989
2019-01-11,0.02110700000000001,0.003753999999999989
2019-01-14,0.02698400000000001,0.0009289999999999889
2019-01-15,0.03421000000000001,-0.000614000000000011
2019-01-16,0.04008900000000001,-0.0013190000000000107
2019-01-17,0.032540000000000006,0.002337999999999989
2019-01-18,0.02359700000000001,0.002903999999999989
2019-01-21,0.01146900000000001,0.007616999999999989
2019-01-22,0.00027600000000001115,0.01162999999999999
2019-01-23,0.002623000000000011,0.012171999999999988
2019-01-24,0.001103000000000011,0.01230499999999999
2019-01-25,0.003472000000000011,0.00812099999999999
2019-01-28,-0.014759999999999988,0.01256399999999999
2019-01-29,-0.011787999999999988,0.00862199999999999
2019-01-30,-0.030152999999999985,0.01409699999999999
2019-01-31,-0.055054999999999986,0.02016299999999999
2019-02-01,-0.08057499999999998,0.03078599999999999
2019-02-11,-0.07233799999999999,0.028797999999999987
2019-02-12,-0.07558699999999999,0.03015099999999999
2019-02-13,-0.068364,0.02687699999999999
2019-02-14,-0.06413799999999999,0.022781999999999993
2019-02-15,-0.06369099999999998,0.02082599999999999
2019-02-18,-0.05093799999999999,0.01481399999999999
2019-02-19,-0.04885999999999999,0.014373999999999991
2019-02-20,-0.040053999999999985,0.00739499999999999
2019-02-21,-0.03535399999999999,0.00444099999999999
2019-02-22,-0.02773199999999999,0.00355299999999999
2019-02-25,-0.01447299999999999,-0.00737400000000001
2019-02-26,-0.023303999999999988,-0.01331400000000001
2019-02-27,-0.02256799999999999,-0.02160800000000001
2019-02-28,-0.02553799999999999,-0.02337500000000001
2019-03-01,-0.01799399999999999,-0.02325000000000001
2019-03-04,-0.01520699999999999,-0.02527300000000001
2019-03-05,-0.0017849999999999906,-0.03251000000000001
2019-03-06,0.03984000000000001,-0.04979000000000001
2019-03-07,0.06449700000000001,-0.06264100000000002
2019-03-08,0.115621,-0.084069
2019-03-11,0.09519500000000002,-0.07110300000000001
2019-03-12,0.10337500000000002,-0.073006
2019-03-13,0.10395700000000001,-0.07136700000000001
2019-03-14,0.09724100000000002,-0.06661500000000001
2019-03-15,0.072579,-0.05468100000000001
2019-03-18,0.06299600000000001,-0.048583000000000015
2019-03-19,0.053069000000000005,-0.045437000000000005
2019-03-20,0.05571600000000001,-0.044744000000000006
2019-03-21,0.05899300000000001,-0.04590200000000001
2019-03-22,0.067485,-0.05191300000000001
2019-03-25,0.06960900000000002,-0.04802200000000001
2019-03-26,0.08974700000000001,-0.04809300000000001
2019-03-27,0.07620800000000001,-0.028552000000000008
2019-03-28,0.07441400000000001,-0.022822000000000012
2019-03-29,0.059461000000000014,-0.018891000000000012
2019-04-01,0.06215800000000002,-0.022003000000000012
2019-04-02,0.06419600000000002,-0.024257000000000015
2019-04-03,0.05280400000000001,-0.01500600000000001
2019-04-04,0.04033100000000001,-0.00961500000000001
2019-04-08,0.01055800000000001,0.005845999999999989
2019-04-09,0.01938200000000001,-0.0016730000000000106
2019-04-10,0.007296000000000009,0.00285399999999999
2019-04-11,-0.0016009999999999913,0.00847899999999999
2019-04-12,0.008527000000000009,0.00464899999999999
2019-04-15,0.029471000000000008,-0.007563000000000011
2019-04-16,0.019759000000000006,-0.002077000000000011
2019-04-17,0.02075100000000001,-0.0005950000000000109
2019-04-18,0.02008900000000001,7.999999999998893e-05
2019-04-19,0.014980000000000009,-0.0009270000000000109
2019-04-22,0.005834000000000011,0.0030379999999999886
2019-04-23,0.007274000000000011,0.002617999999999989
2019-04-24,-0.01982499999999999,0.016464999999999987
2019-04-25,-0.005513999999999989,0.002400999999999989
2019-04-26,-0.020930999999999988,0.006897999999999988
2019-04-29,-0.014271999999999988,0.004971999999999989
2019-04-30,-0.03977399999999999,0.02262999999999999
