date,runup,drawdown,z
2019-04-30,,,
2019-05-06,,,
2019-05-07,,,
2019-05-08,,,
2019-05-09,,,
2019-05-10,,,
2019-05-13,,,
2019-05-14,,,
2019-05-15,,,
2019-05-16,,,
2019-05-17,,,
2019-05-20,,,
2019-05-21,,,
2019-05-22,,,
2019-05-23,,,
2019-05-24,,,
2019-05-27,,,
2019-05-28,,,
2019-05-29,,,
2019-05-30,,,
2019-05-31,,,
2019-06-03,,,
2019-06-04,,,
2019-06-05,,,
2019-06-06,,,
2019-06-10,,,
2019-06-11,,,
2019-06-12,,,
2019-06-13,,,
2019-06-14,,,
2019-06-17,,,
2019-06-18,,,
2019-06-19,,,
2019-06-20,,,
2019-06-21,,,
2019-06-24,,,
2019-06-25,,,
2019-06-26,,,
2019-06-27,,,
2019-06-28,0.0484130878104469,0.047007564598175025,0.5073648794930314
2019-07-01,0.06898868547443793,0.0,1.0
2019-07-02,0.07074453018534357,0.0,1.0
2019-07-03,0.06523021437366174,0.0055143158116818455,0.9220531142515911
2019-07-04,0.0660549131039372,0.004689617081406335,0.933710534664376
2019-07-05,0.06567614227398963,0.005068387911353878,0.9283564694249122
2019-07-08,0.036626236502783974,0.03411829368255951,0.5177253479078446
2019-07-09,0.03839006606156652,0.032354464123776974,0.542657728604437
2019-07-10,0.032560044815458364,0.03818448536988518,0.4602482302187084
2019-07-11,0.034276526105208725,0.036468004080134966,0.4845113256870547
2019-07-12,0.04018438478992721,0.030560145395416308,0.568021084946754
2019-07-15,0.045343039356025086,0.025401490829318522,0.6409405679454065
2019-07-16,0.0484130878104469,0.022331442374896513,0.6843368340083619
2019-07-17,0.047107497265901056,0.023637032919442254,0.6658818306162231
2019-07-18,0.03462131172530467,0.036123218460038735,0.48938499746341363
2019-07-19,0.04091937000310252,0.02982516018224102,0.5784103717403719
2019-07-22,0.020746432633022546,0.04999809755232097,0.29325846929323
2019-07-23,0.02890048994346772,0.04184404024187571,0.40851907373971375
2019-07-24,0.037381450656433855,0.033363079528909684,0.5284005782284258
2019-07-25,0.038931451884823214,0.03181307830052046,0.5503104166898368
2019-07-26,0.03993926962466188,0.030805260560681724,0.5645562917730174
2019-07-29,0.03768536677486294,0.033059163410480694,0.5326965445403486
2019-07-30,0.042290965389414965,0.028453564795928626,0.5977983778903736
2019-07-31,0.03500358529044666,0.0357409448948969,0.49478857515543295
2019-08-01,0.02958825610847833,0.04115627407686513,0.41824090188966007
2019-08-02,0.002203634921762006,0.05906883224133208,0.03596452083276499
2019-08-05,0.0,0.07426856508207058,0.0
2019-08-06,0.0,0.10041675041708119,0.0
2019-08-07,0.0,0.10295399161379125,0.0
2019-08-08,0.006665025157733923,0.0962889664560575,0.06473789945645095
2019-08-09,0.0,0.10325774410874429,0.0
2019-08-12,0.012000823064892103,0.0912569210438523,0.11622201480843519
2019-08-13,0.005093287418948899,0.09816445668979541,0.049325960613520486
2019-08-14,0.008673903748570924,0.09458384036017328,0.08400245253698496
2019-08-15,0.009573767527943833,0.09368397658080062,0.09271718659533519
2019-08-16,0.010414318894554214,0.0928434252141901,0.10085750937563126
2019-08-19,0.0318540985690649,0.07140364553967943,0.3084911339484449
2019-08-20,0.0320934657184584,0.07116427839028582,0.3108092859811046
2019-08-21,0.033252114949053405,0.07000562915969102,0.32203022868710374
2019-08-22,0.03511442296322039,0.06814332114552382,0.34006575745292483
2019-08-23,0.034783000197151845,0.06847474391159247,0.33685609246431586
2019-08-26,0.025948832612941716,0.07730891149580255,0.2513015642256731
2019-08-27,0.042352886820469345,0.05621524020686861,0.42968135945935887
2019-08-28,0.04190496729679655,0.05666315973054142,0.4251370961444176
2019-08-29,0.03987934764754006,0.05831000854985039,0.4061473584506497
2019-08-30,0.029632648649721868,0.05129365308412612,0.3661683286501625
2019-09-02,0.046171332858829246,0.03475496887501868,0.5705355597575491
2019-09-03,0.04816078628234127,0.03276551545150652,0.5951190805769616
2019-09-04,0.05837369069883471,0.02255261103501312,0.7213191440628952
2019-09-05,0.06566086834610917,0.015265433387738747,0.8113662300058636
2019-09-06,0.07023838151051169,0.010687920223336058,0.8679302032300112
2019-09-09,0.08260749321815035,0.0,1.0
2019-09-10,0.08426624042884504,0.0,1.0
2019-09-11,0.0839424117291314,0.0003238286997136171,0.9961570766885338
2019-09-12,0.09026861740659722,0.0,1.0
2019-09-16,0.09160758971689043,0.0,1.0
2019-09-17,0.07105089021011163,0.020556699506778818,0.7756004762235479
2019-09-18,0.07017179079805459,0.02143579891883603,0.7660041161973319
2019-09-19,0.07649644671118414,0.015111143005706418,0.8350448576105236
2019-09-20,0.07806055849998304,0.01354703121690747,0.8521188991133376
2019-09-23,0.06849177927944418,0.02311581043744616,0.7476648986302918
2019-09-24,0.07021924670234332,0.021388343014547253,0.766522150832185
2019-09-25,0.05772830720204676,0.033879282514843796,0.6301694802849163
2019-09-26,0.04436722372589822,0.04724036599099234,0.4843182083822233
2019-09-27,0.04945884492884587,0.04214874478804451,0.5398989874277499
2019-09-30,0.04187977078367765,0.04972781893321276,0.4571648584260912
2019-10-08,0.04487920262973096,0.046728387087159554,0.4899070346510403
2019-10-09,0.052962997404933994,0.03864459231195641,0.5781507576895542
2019-10-10,0.0601967972937094,0.031410792423181066,0.6571158293733648
2019-10-11,0.0672857637864922,0.024321825930398087,0.7344998814447171
2019-10-14,0.07639473467772347,0.010119567620218149,0.8830301192816887
2019-10-15,0.07096114713312794,0.015553155164813563,0.820224462872613
2019-10-16,0.06120468209137718,0.021729003876942314,0.7379954402937939
2019-10-17,0.05826224862491449,0.023771573564032197,0.7102222847878568
2019-10-18,0.04563077873605485,0.035562492086281455,0.562001977182348
2019-10-21,0.03132986182989328,0.034328895274055665,0.4771619691230645
2019-10-22,0.037138305211488414,0.028520451892460403,0.5656260771536118
2019-10-23,0.03517990022984442,0.030478856874104322,0.5357990583670169
2019-10-24,0.03872582415163844,0.02693293295231037,0.5898044047700899
2019-10-25,0.043344617495587864,0.02231413960836076,0.660149832366857
2019-10-28,0.0516270976322371,0.01403165947171168,0.7862941656130161
2019-10-29,0.03674841640192984,0.02522652466523876,0.5929560523841695
2019-10-30,0.026744661230310583,0.03523027983685819,0.4315399219391685
2019-10-31,0.01660689240721052,0.04536804865995814,0.2679614070017737
2019-11-01,0.024653300998935257,0.0373216400682334,0.39779466627029014
2019-11-04,0.013142382752845292,0.03658543618036756,0.2642863297603344
2019-11-05,0.01564003425760115,0.03408778467561155,0.3145127735967389
2019-11-06,0.010657953887291072,0.03906986504592167,0.21432578616820705
2019-11-07,0.013316442558368806,0.03641137637484394,0.2677865799071851
2019-11-08,0.007016267664604178,0.04271155126860868,0.14109341240216877
2019-11-11,0.0,0.0662877906219246,0.0
2019-11-12,0.0032002712853628247,0.06308751933656166,0.0482784424603276
2019-11-13,0.0,0.06879264031613255,0.0
2019-11-14,0.0010339607671172116,0.0677586795490151,0.015030107324936343
2019-11-15,0.0,0.0779952359168054,0.0
2019-11-18,0.007286663825841342,0.060589004470745764,0.10735310618234793
2019-11-19,0.018582090175137216,0.04929357812145011,0.27376658884508537
2019-11-20,0.011871544345435723,0.05600412395115154,0.17490132536982497
2019-11-21,0.012906748578700215,0.05496891971788702,0.19015280294999562
2019-11-22,0.011324709707649807,0.05655095858893741,0.16684490910889807
2019-11-25,0.022146364104488395,0.0457293041920989,0.32627839489871935
2019-11-26,0.02030430558535641,0.04757136271123096,0.2991396783989715
2019-11-27,0.017024141418719958,0.05085152687786742,0.2508136103254528
2019-11-28,0.012574863938753664,0.055300804357833674,0.18526320630548995
2019-11-29,0.01242767983437121,0.055447988462216186,0.18309476939612013
2019-12-02,0.012676440332487183,0.055199227964100206,0.18675971302553673
2019-12-03,0.01740629424947049,0.05046937404711685,0.2564437991742859
2019-12-04,0.0166075877451727,0.051268080551414665,0.24467660005356726
2019-12-05,0.022178053020737956,0.045697615275849174,0.32674526199623577
2019-12-06,0.025401900239476184,0.04247376805711128,0.3742416226162343
2019-12-09,0.02740484102638455,0.03655873541870898,0.4284444765203041
2019-12-10,0.02817528682802816,0.035788289617065434,0.4404895472380888
2019-12-11,0.03029685075249301,0.033666725692600596,0.47365786024331913
2019-12-12,0.025652191292956632,0.03831138515213705,0.40104373017628975
2019-12-13,0.037827861592074095,0.02613571485301949,0.5913969120307959
2019-12-16,0.04739896898484976,0.016564607460243956,0.7410306242887622
2019-12-17,0.06064158352956061,0.0033219929155331065,0.9480643031525182
2019-12-18,0.06210416346088212,0.0018594129842115876,0.9709301279329228
2019-12-19,0.0702168063632224,0.0,1.0
2019-12-20,0.06630326828315651,0.003913538080065873,0.9442649376586333
2019-12-23,0.04855701809510875,0.021659788268113492,0.6915298574522134
2019-12-24,0.059207398263183046,0.011009408100039237,0.8432083617832316
2019-12-25,0.05740106230252732,0.012815744060695048,0.8174832390638663
2019-12-26,0.06616150963422011,0.004055296729002171,0.9422460670167103
2019-12-27,0.0644709870818272,0.005745819281395222,0.9181703130775722
2019-12-30,0.07159533793632744,0.0,1.0
2019-12-31,0.07613548458738875,0.0,1.0
2020-01-02,0.09078662865379085,0.0,1.0
2020-01-03,0.09488271549631402,0.0,1.0
2020-01-06,0.09904719353306576,0.0,1.0
2020-01-07,0.10889838239007046,0.0,1.0
2020-01-08,0.09645718454878288,0.012441197841287572,0.8857540620142216
2020-01-09,0.10559141324670111,0.0033069691433693866,0.9696325228089805
2020-01-10,0.10112843751936447,0.007769944870706027,0.9286495841336345
2020-01-13,0.09842353845786453,0.0031881801063646273,0.9686238934700296
2020-01-14,0.09487434674733558,0.0026993259350851476,0.972335509560342
2020-01-15,0.08514203626944886,0.012431636412971863,0.8725923082404216
2020-01-16,0.0785243042888492,0.019049368393571443,0.8047693822536263
2020-01-17,0.07628216002358398,0.021291512658836637,0.7817903941349476
2020-01-20,0.08013039312023593,0.016340309435463433,0.8306189443781751
2020-01-21,0.0676257443914661,0.028844958164233273,0.7009977392091756
2020-01-22,0.06580502518728398,0.03066567736841536,0.6821244527507209
2020-01-23,0.037883157313017134,0.058587545242682205,0.39269079948023095
2020-02-03,0.0,0.14461273910803613,0.0
2020-02-04,0.0,0.14480414675233355,0.0
2020-02-05,0.0187474665206632,0.12605668023167033,0.12946774620155058
2020-02-06,0.037572925088768104,0.10723122166356551,0.2594740960908469
2020-02-07,0.04204351972578386,0.1027606270265497,0.2903474843002472
2020-02-10,0.052389865957843625,0.09241428079448998,0.3617981054606734
2020-02-11,0.04922181890127962,0.09558232785105379,0.3399199539876882
2020-02-12,0.058194720682566856,0.08660942606976646,0.4018857331627426
2020-02-13,0.04752194292284445,0.09728220382948911,0.3281808151815143
2020-02-14,0.04925059192369575,0.09555355482863771,0.34011865701561544
2020-02-17,0.07570251626359957,0.06910163048873409,0.5227924611377164
2020-02-18,0.08238119348869076,0.06242295326364263,0.5689146018006785
2020-02-19,0.08162781912502282,0.06317632762731075,0.5637118891673409
2020-02-20,0.09746018775563584,0.04734395899669766,0.6730483203794388
2020-02-21,0.10096891126558621,0.043835235486747365,0.6972791424148843
2020-02-24,0.1012041594952899,0.04359998725704353,0.6989037383603729
2020-02-25,0.09694367455859165,0.04786047219374174,0.6694813424397288
2020-02-26,0.0983584983071688,0.046445648445164724,0.6792519448727994
2020-02-27,0.09865750235203778,0.04614664440029573,0.6813168308002749
2020-02-28,0.0584252017673078,0.08637894498502573,0.40347740777918206
2020-03-02,0.09267414355097456,0.05213000320135911,0.6399964754426553
2020-03-03,0.10181933757308718,0.042984809179246304,0.7031520840852328
2020-03-04,0.11363874489627208,0.031165401856061335,0.7847754877533635
2020-03-05,0.13327234631235316,0.011531800439980417,0.9203627748333486
2020-03-06,0.1290344355784076,0.015769711173925848,0.8910962736385053
2020-03-09,0.10343777599723382,0.041366370755099635,0.7143288249482881
2020-03-10,0.11774376084478425,0.027060385907549195,0.813124233563338
2020-03-11,0.11057425657249075,0.031530564244757676,0.7781175609425168
2020-03-12,0.09613179840552849,0.04597302241171995,0.676485131557621
2020-03-13,0.0831548610087078,0.05894995980854061,0.5851656582125934
2020-03-16,0.05774944871862801,0.08435537209862026,0.40638627448744896
2020-03-17,0.05539143422852131,0.08671338658872693,0.3897927875350311
2020-03-18,0.03709895731455613,0.09617338899779701,0.2783695068113121
2020-03-19,0.032967718311174406,0.10030462800117888,0.24737103550279851
2020-03-20,0.04697977493439281,0.08629257137796022,0.3525095508132301
2020-03-23,0.015193038651300204,0.118079307661053,0.11399993375738998
2020-03-24,0.033860914812062395,0.0994114315002908,0.2540730747900383
2020-03-25,0.05298246045577306,0.08028988585658009,0.39755029397919484
2020-03-26,0.045373970927890826,0.0878983753844625,0.3404605095009497
2020-03-27,0.04768125399486059,0.08559109231749262,0.35777305130585024
2020-03-30,0.03617383058999385,0.09709851572235934,0.271427881259121
2020-03-31,0.015981820610970993,0.10209748705008195,0.13534819036072657
2020-04-01,0.010203330652989569,0.10787597700806359,0.08641082722366773
2020-04-02,0.02533831559054526,0.09274099207050787,0.2145872642078741
2020-04-03,0.01745049565214375,0.10062881200890922,0.14778622942332498
2020-04-07,0.038454875396131474,0.07962443226492144,0.3256698921924266
2020-04-08,0.040779687984456345,0.07729961967659678,0.34535846112440394
2020-04-09,0.04452456554561335,0.07355474211543961,0.37707339607225054
2020-04-10,0.03049860983173318,0.08758069782931978,0.2582891993174582
2020-04-13,0.025936365578588725,0.09214294208246446,0.21965208038853937
2020-04-14,0.0389369729594204,0.07914233470163257,0.3297527206984403
2020-04-15,0.031572831425074575,0.08650647623597833,0.26738665775128445
2020-04-16,0.03277635180698177,0.08530295585407127,0.2775791326712922
2020-04-17,0.034164645580472996,0.08391466208058003,0.2893364320744724
2020-04-20,0.037379262756567735,0.08070004490448536,0.3165606531490258
2020-04-21,0.03151434010841443,0.08656496755263855,0.2668913015553618
2020-04-22,0.03684779689830827,0.08123151076274479,0.3120597302626465
2020-04-23,0.034822931376963615,0.08325637628408943,0.29491137835024345
2020-04-24,0.022293359596504796,0.09578594806454821,0.18879988406180317
2020-04-27,0.02076537278564022,0.09731393487541273,0.17585954048144736
2020-04-28,0.003866672859811723,0.11421263480124134,0.03274640524579477
2020-04-29,0.009377089042922629,0.10870221861813038,0.07941348258781793
2020-04-30,0.023201114251466693,0.09487819340958631,0.19648755324739506
2020-05-06,0.02796481282212749,0.08587658410498016,0.24564713344156594
2020-05-07,0.023306143962852764,0.07924457823063141,0.22726455225620612
2020-05-08,0.0313516681856703,0.07119905400781396,0.3057186484412909
2020-05-11,0.031897275916870575,0.06348394200432005,0.3344188364550547
2020-05-12,0.026107171330968043,0.05483158842326013,0.3225546253765548
2020-05-13,0.0288401201699498,0.0391217021874576,0.42435766389961166
2020-05-14,0.020034545622086314,0.02449001992352716,0.44996611143935356
2020-05-15,0.021139492151895516,0.023385073393717964,0.47478267093339804
2020-05-18,0.020104248412657726,0.024420317132955602,0.4515316020784496
2020-05-19,0.027915760082783497,0.01660880546282998,0.6269743396863697
2020-05-20,0.024331623585520826,0.020192941960092664,0.5464763841568343
2020-05-21,0.020654405715611814,0.02387015983000159,0.46388786645098895
2020-05-22,0.00199063668571951,0.038667256000082285,0.048960645872693324
2020-05-25,0.0031212051221296004,0.03753668756367209,0.0767675084945947
2020-05-26,0.013847890385419828,0.02681000230038189,0.34059537941216755
2020-05-27,0.015127427069001564,0.02553046561680011,0.3720661861622819
2020-05-28,0.016491220278982973,0.024166672406818582,0.4056093218215905
2020-05-29,0.017072010712996053,0.02358588197280567,0.41989413580595697
2020-06-01,0.03609974673382776,0.0045581459519737876,0.8878902557198797
2020-06-02,0.043151705856985405,0.0,1.0
2020-06-03,0.04356502874218396,0.0,1.0
2020-06-04,0.04439510219970906,0.0,1.0
2020-06-05,0.04469054610237943,0.0,1.0
2020-06-08,0.04532447102831309,0.0,1.0
2020-06-09,0.04940189578891621,0.0,1.0
2020-06-10,0.04436752298135759,0.005034372807558644,0.8980935300728246
2020-06-11,0.03852568136634429,0.010876214422571773,0.7798421649840412
2020-06-12,0.03851617005739782,0.010885725731518322,0.7796496357542486
2020-06-15,0.03403740410347289,0.015364491685443484,0.688989836521808
2020-06-16,0.045855713404198035,0.0035461823847182834,0.9282176862226025
2020-06-17,0.04778548526425943,0.0016164105246568475,0.9672803948341695
2020-06-18,0.049035686043879735,0.0003662097450364661,0.9925871317448787
2020-06-19,0.05233926358806684,0.0,1.0
2020-06-22,0.05023105723919267,0.0021082063488743713,0.9597203666167932
2020-06-23,0.046087797405486595,0.006251466182580288,0.8805587668985546
2020-06-24,0.045975302395858945,0.006363961192207908,0.8784094242843175
2020-06-29,0.039501694651690684,0.012837568936376163,0.754723928914753
2020-06-30,0.04682933846639458,0.0035192884359529063,0.9301016005306627
2020-07-01,0.05893261780805853,0.0,1.0
2020-07-02,0.08100176325719635,0.0,1.0
2020-07-03,0.10140283910789485,0.0,1.0
2020-07-06,0.1567241751053503,0.0,1.0
2020-07-07,0.15383694125254782,0.002887233852802586,0.9815776101494119
2020-07-08,0.17023049314631955,0.0,1.0
2020-07-09,0.18388793453067356,0.0,1.0
2020-07-10,0.16613512538165257,0.017752809149021026,0.9034585428656291
2020-07-13,0.18817772286266735,0.0,1.0
2020-07-14,0.18315303785526882,0.005024685007398405,0.9732981942232054
2020-07-15,0.1610730462998745,0.02710467656279263,0.8559623522356377
2020-07-16,0.13201943836686478,0.05615828449580247,0.7015678389477218
2020-07-17,0.1296327068489279,0.05854501601373932,0.6888844485780834
2020-07-20,0.16597357966734577,0.022204143195321515,0.8820044006403129
2020-07-21,0.16291777421626377,0.024129380209993168,0.8709984106200015
2020-07-22,0.15190777614513043,0.024412693017836405,0.8615436248909217
2020-07-23,0.14417127833933083,0.030869654140054263,0.8236432261711708
2020-07-24,0.11173081356238743,0.061946325707016046,0.6433248154155365
2020-07-27,0.10998490166843258,0.06311144716695805,0.6353970052425825
2020-07-28,0.09844708904326048,0.05768386640165333,0.6305417702897144
2020-07-29,0.11519265941140754,0.040938296033506356,0.737795135392288
2020-07-30,0.11624577593554569,0.039885179509368256,0.7445402201266837
2020-07-31,0.1231039063301797,0.03302704911473431,0.7884657208391523
2020-08-03,0.1447626627241877,0.011368292720726243,0.9271874517879499
2020-08-04,0.1477527012594306,0.008378254185483288,0.9463382891521515
2020-08-05,0.14757274025965308,0.008558215185260964,0.9451856605829813
2020-08-06,0.1483102373489287,0.007820718095985155,0.9499092407799653
2020-08-07,0.13774261595582596,0.01838833948908798,0.8822248961668864
2020-08-10,0.15064206301199395,0.005488892432919908,0.9648443038263702
2020-08-11,0.13660495901053196,0.01952599643438196,0.874938340198199
2020-08-12,0.13426940467488183,0.016397260221814328,0.8911686255678585
2020-08-13,0.14062907001104896,0.010037594885647181,0.9333787942241277
2020-08-14,0.14573849154075877,0.0049281733559371705,0.9672908844214733
2020-08-17,0.16601899005217494,0.0,1.0
2020-08-18,0.16850890057443138,0.0,1.0
2020-08-19,0.16063552640311887,0.007873374171312541,0.9532762118530658
2020-08-20,0.14836673251260324,0.020142168061828294,0.880468224567572
2020-08-21,0.15380357089719052,0.014705329677240956,0.9127326234572072
2020-08-24,0.1443107853168346,0.014879834757173532,0.9065281939962553
2020-08-25,0.1275893869458993,0.019497953786444762,0.8674396199607325
2020-08-26,0.09148117965226031,0.03353701563094605,0.731742923060328
2020-08-27,0.07810263071569028,0.02651448871681755,0.7465568841825837
2020-08-28,0.06325923103910312,0.017694451805590188,0.7814249928624452
2020-08-31,0.06146459775682529,0.019489085087868015,0.75925635001366
2020-09-01,0.0650839571902188,0.015869725654474722,0.8039653651715861
2020-09-02,0.06676557840817117,0.014188104436522362,0.8247379990884208
2020-09-03,0.05951021975963679,0.021443463085056767,0.7351144218330968
2020-09-04,0.059823231695601574,0.02113045114909207,0.7389809776828808
2020-09-07,0.05560575055371912,0.02534793229097414,0.6868835190660413
2020-09-08,0.07377934047206446,0.007174342372629045,0.9113771959406376
2020-09-09,0.06029802999210478,0.02065565285258877,0.7448460387871936
2020-09-10,0.03198607412521396,0.0489676087194795,0.3951157378050116
2020-09-11,0.03860313540679806,0.04235054743789542,0.47685459203698843
2020-09-14,0.047096286684745664,0.033857396159947706,0.5817683029331493
2020-09-15,0.04871098319090034,0.0322426996537932,0.6017142331171078
2020-09-16,0.04876418576108074,0.03218949708361271,0.6023714307678005
2020-09-17,0.04801840063910528,0.03293528220558834,0.5931589391828738
2020-09-18,0.06345056849188233,0.01750311435281117,0.7837885351505228
2020-09-21,0.05420976919428225,0.02131633288510647,0.7177620412251653
2020-09-22,0.022418834524785006,0.036361697186456744,0.3813989746625142
2020-09-23,0.022609644141209733,0.03511777104589387,0.3916621603085524
2020-09-24,0.0,0.05772812398344339,0.0
2020-09-25,0.0,0.061610642175356604,0.0
2020-09-28,0.0,0.06780536583111883,0.0
2020-09-29,0.00021262209295235915,0.06759274373816629,0.003135770898750585
2020-09-30,0.0,0.07075738955755669,0.0
2020-10-09,0.018957047313845836,0.051800342243710724,0.2679161488628054
2020-10-12,0.041962162863152276,0.02879522669440447,0.5930428344734038
2020-10-13,0.039690704455316916,0.031066685102239543,0.5609407682151862
2020-10-14,0.0338168850311541,0.036940504526402504,0.4779272559743916
2020-10-15,0.03348152320697552,0.03727586635058117,0.473187654552185
2020-10-16,0.038840770255061136,0.03191661930249532,0.5489288185718997
2020-10-19,0.03688061504143264,0.03387677451612407,0.5212263379421673
2020-10-20,0.038958188409562396,0.03179920114799423,0.5505882658075224
2020-10-21,0.03665842919555664,0.026924617989370986,0.5765440761110066
2020-10-22,0.03407024122111598,0.029512805963811718,0.5358384464026175
2020-10-23,0.03034465086909808,0.033238396315829435,0.47724436327882275
2020-10-26,0.025670508529839365,0.03791253865508824,0.4037319642007433
2020-10-27,0.022333456478012874,0.041249590706914877,0.3512486026826815
2020-10-28,0.020890029895902766,0.04269301728902487,0.3285471650194008
2020-10-29,0.01930013227089292,0.044282914914034646,0.30354210949908733
2020-10-30,0.0013612937620157944,0.06222175342291184,0.021409696802617055
2020-11-02,0.001433719779050376,0.06214932740587727,0.02254877428067397
2020-11-03,0.015891538773025893,0.047691508411901784,0.24993358256024215
2020-11-04,0.016996317689464215,0.04658672949546332,0.26730895170895835
2020-11-05,0.029909859771006558,0.03367318741392109,0.47040620252149046
2020-11-06,0.02827421705053668,0.03530883013439085,0.44468169272074665
2020-11-09,0.04286173595355641,0.020721311231371276,0.6741063514759758
2020-11-10,0.03955956759518055,0.024023479589747168,0.6221716219438771
2020-11-11,0.04070815607876905,0.01254611912597633,0.7644110434750905
2020-11-12,0.039756956540384025,0.01349731866436131,0.7465495753633202
2020-11-13,0.03392309420710175,0.019331180997643593,0.6370022702717951
2020-11-16,0.0498387467950922,0.003415528409653353,0.9358637706264569
2020-11-17,0.05269718388797667,0.0005570913167687719,0.9895390310988754
2020-11-18,0.05974144327492744,0.0,1.0
2020-11-19,0.059213674149484856,0.0005277691254426122,0.9911657787875354
2020-11-20,0.06298785621587717,0.0,1.0
2020-11-23,0.07528653850188335,0.0,1.0
2020-11-24,0.07419301116118622,0.001093527340697039,0.9854751279251645
2020-11-25,0.06452397966650722,0.010762558835376145,0.8570453755805639
2020-11-26,0.06533219157371896,0.00995434692816426,0.8677805205785194
2020-11-27,0.07408699338543999,0.0011995451164433985,0.9840669375918594
2020-11-30,0.07107111903769003,0.004215419464193169,0.9440083240898673
2020-12-01,0.0848248512735216,0.0,1.0
2020-12-02,0.08581785417983508,0.0,1.0
2020-12-03,0.07977899514470313,0.004677565273116205,0.9446157261203205
2020-12-04,0.07496368786093964,0.00949287255687975,0.8876005308537659
2020-12-07,0.06485776573694224,0.01959879468087712,0.767942305678577
2020-12-08,0.06021569816174357,0.0242408622560758,0.7129783389691388
2020-12-09,0.0483585725590541,0.036097987858765064,0.5725851528858984
2020-12-10,0.046416908704847236,0.03803965171297207,0.5495950637252548
2020-12-11,0.034685696521507596,0.04977086389631186,0.4106927437005743
2020-12-14,0.03758308146258496,0.04687347895523419,0.44499895895186675
2020-12-15,0.033923471258136426,0.05053308915968295,0.40166768680031345
2020-12-16,0.027909274965840655,0.05654728545197864,0.33045715842285406
2020-12-17,0.03817204439738609,0.046284516020433285,0.45197251946495587
2020-12-18,0.03878204581709641,0.04567451460072307,0.45919518418978605
2020-12-21,0.043604771479731665,0.04085178893808773,0.5162982160771437
2020-12-22,0.023754745888585324,0.06070181452923402,0.28126584567340907
2020-12-23,0.03072132894841351,0.05373523146940584,0.36375302044542734
2020-12-24,0.020328710869793026,0.06412784954802617,0.24070019864915007
2020-12-25,0.031079970086496066,0.053304164314288596,0.3683153273680682
2020-12-28,0.015377807945404578,0.0545485074614047,0.21991446075688864
2020-12-29,0.0071164162933545945,0.06170512019701607,0.10340391476656882
2020-12-30,0.006787331022891532,0.05734051852513461,0.10584061481444838
2020-12-31,0.015605086924461142,0.04852276262356502,0.24334336851221391
2021-01-04,0.017846094553231124,0.046281754994795074,0.2782893029941063
2021-01-05,0.011185777072105722,0.052942072475920345,0.17442931816587062
2021-01-06,0.00950556492563068,0.0546222846223955,0.14822834373249705
2021-01-07,0.0,0.06979627804915482,0.0
2021-01-08,0.0040136437184377875,0.06578263433071692,0.057505125353692066
2021-01-11,0.0,0.0829911340014059,0.0
2021-01-12,0.008280569618021262,0.07471056438338457,0.09977655707031301
2021-01-13,0.0035796396402016334,0.0794114943612042,0.04313279584950599
2021-01-14,0.008078153478869012,0.07491298052253695,0.09733754787266986
2021-01-15,0.01935574493565162,0.06363538906575421,0.2332266593118699
2021-01-18,0.027910752367218194,0.055080381634187776,0.3363100492968966
2021-01-19,0.033655863417417956,0.049335270583988004,0.40553564934837244
2021-01-20,0.0287042827697472,0.05428685123165861,0.34587167792237866
2021-01-21,0.03146281320178899,0.051528320799616854,0.37911053488262997
2021-01-22,0.015682096370825013,0.06730903763058083,0.18896110481583928
2021-01-25,0.0023573699076261225,0.08063376409377983,0.028405081289601203
2021-01-26,0.0,0.086276101928937,0.0
2021-01-27,0.004679605918067082,0.08159649601086988,0.05423988582517941
2021-01-28,0.0,0.08401463005552691,0.0
2021-01-29,0.0,0.08816214066775556,0.0
2021-02-01,0.002460290074570633,0.07559592846918753,0.03151946277273731
2021-02-02,0.000685715640845981,0.07272843532771356,0.009340374189434496
2021-02-03,0.0,0.06805392516854383,0.0
2021-02-04,0.0,0.07787149422741178,0.0
2021-02-05,0.0019325706164857394,0.07312678638581045,0.0257472311736779
2021-02-08,0.005155061505154193,0.06990429549714187,0.06867979837605721
2021-02-09,0.015680503136921407,0.05937885386537453,0.20890803975901057
2021-02-10,0.02132584199501531,0.05373351500728082,0.2841197000177198
2021-02-18,0.04590284176881668,0.029156515233479417,0.611553890175378
2021-02-19,0.06742435648084226,0.007635000521453925,0.8982804965779235
2021-02-22,0.08014106994184972,0.0,1.0
2021-02-23,0.0783115885365257,0.0018294814053240029,0.9771717372047631
2021-02-24,0.07276926025314984,0.007371809688699976,0.9080145836080183
2021-02-25,0.07835948758177011,0.001781582360079518,0.9777694213295102
2021-02-26,0.0686114364625951,0.011529633479254642,0.8561332723955328
2021-03-01,0.08132134535127883,0.0,1.0
2021-03-02,0.07315520512286135,0.008166140228417523,0.8995818355790507
2021-03-03,0.09298270174113951,0.0,1.0
2021-03-04,0.09112591785703841,0.0018567838841012114,0.9800308675771712
2021-03-05,0.09550149297609382,0.0,1.0
2021-03-08,0.09005523295584332,0.005446260020250459,0.9429719907979471
2021-03-09,0.07646092969587771,0.01904056328021603,0.8006254909021964
2021-03-10,0.06444874218038023,0.031052750795713447,0.6748453890298166
2021-03-11,0.08491229957926408,0.010589193396829583,0.8891201271640821
2021-03-12,0.09279926920535814,0.002702223770735581,0.9717049054781582
2021-03-15,0.10129816742691514,0.0,1.0
2021-03-16,0.11240750486494534,0.0,1.0
2021-03-17,0.10604895083995071,0.006358554024994613,0.9434330115890904
2021-03-18,0.10540247449621218,0.007005030368733215,0.9376818266969845
2021-03-19,0.0957099853416569,0.01669751952328843,0.8514554740508646
2021-03-22,0.1126925062241025,0.0,1.0
2021-03-23,0.10105672371272571,0.011635782511376765,0.8967475043261738
2021-03-24,0.0946852644514018,0.018007241772700713,0.8402090575846174
2021-03-25,0.0866408615170797,0.02605164470702278,0.7688254030377496
2021-03-26,0.0960293651424228,0.01666314108167961,0.8521362099397898
2021-03-29,0.10223129076381575,0.010461215460286557,0.907170265257184
2021-03-30,0.09611003442864416,0.016582471795458333,0.8528520453482319
2021-03-31,0.10238360931296887,0.010308896911133592,0.9085218950527808
2021-04-01,0.1020689257127032,0.010623580511399212,0.9057294857719025
2021-04-02,0.0983547344267248,0.014337771797377623,0.8727708498303759
2021-04-06,0.10616808058069832,0.006524425643404157,0.9421041747848826
2021-04-07,0.11530266950897086,0.0,1.0
2021-04-08,0.10706808293635482,0.008234586572616016,0.9285828627586515
2021-04-09,0.10697291167523595,0.0063971872172490785,0.9435725356179157
2021-04-12,0.10156322761313258,0.008584380390684095,0.9220647588607949
2021-04-13,0.08297064104559801,0.016651525326451293,0.8328532099546556
2021-04-14,0.08401136243628989,0.009965465077665868,0.8939582731052932
2021-04-15,0.05689418208359802,0.0125056456565562,0.8198029294340665
2021-04-16,0.05298757028625544,0.0,1.0
2021-04-19,0.05937701212514665,0.0,1.0
2021-04-20,0.05405498768824931,0.005322024436897288,0.9103689416759424
2021-04-21,0.049818732939280685,0.009558279185865999,0.8390239110428733
2021-04-22,0.049905205096455234,0.00947180702869147,0.8404802348638207
2021-04-23,0.04006622748523998,0.019310784639906653,0.67477675368363
2021-04-26,0.035013391285900745,0.02436362083924599,0.589679238357503
2021-04-27,0.02997327605316067,0.029403736071986136,0.5047959636296125
2021-04-28,0.032299022728966356,0.02707798939618038,0.5439651065784668
2021-04-29,0.03566706574983612,0.023709946375310736,0.6006881194133159
2021-04-30,0.025484749468825417,0.03389226265632134,0.4292022881702458
2021-05-06,0.03483985467979439,0.024537157445352342,0.586756615613526
2021-05-07,0.04069462500898825,0.018682387116158508,0.6853599322784663
2021-05-10,0.050117063281623,0.009259948843523755,0.8440482518048079
2021-05-11,0.032832582675442985,0.0060808720508198355,0.8437334311847713
2021-05-12,0.04080649489043398,0.0,1.0
2021-05-13,0.035750643566907964,0.005055851323525972,0.8761017985715017
2021-05-14,0.0445240764456541,0.0,1.0
2021-05-17,0.03364068162405756,0.010883394821596542,0.755561581723525
2021-05-18,0.038440134698383366,0.006083941747270844,0.8633561382301357
2021-05-19,0.03309000907094753,0.011434067374706428,0.7431936092225779
2021-05-20,0.026843403059863984,0.01768067338579004,0.6028963473869913
2021-05-21,0.030173416495121116,0.014350659950532828,0.6776876446151728
2021-05-24,0.03431302287600418,0.010211053569649806,0.7706622038053187
2021-05-25,0.0436435626258675,0.0008805138197864082,0.9802238723387972
2021-05-26,0.04533740097948156,0.0,1.0
2021-05-27,0.046691340756424324,0.0,1.0
2021-05-28,0.04722698429652783,0.0,1.0
2021-05-31,0.0494413721429457,0.0,1.0
2021-06-01,0.053356091243916944,0.0,1.0
2021-06-02,0.04996396361638981,0.0033921276275273313,0.9364247352374402
2021-06-03,0.05064253871196583,0.0027135525319511218,0.9491425914326044
2021-06-04,0.04837796948303334,0.004978121760883528,0.9067000290908476
2021-06-07,0.05034993957102013,0.0030061516728968414,0.9436586975767352
2021-06-08,0.05183070436339598,0.001525386880521131,0.9714111951426908
2021-06-09,0.05491116748338424,0.0,1.0
2021-06-10,0.05486763006841134,4.3537414972953156e-05,0.9992071300435175
2021-06-11,0.05175877342220631,0.003152394061177967,0.9425910209952856
2021-06-15,0.04148973910346841,0.013421428379916056,0.7555792565514613
2021-06-16,0.03607045101080787,0.01884071647257636,0.6568873448506182
2021-06-17,0.03553336585619796,0.019377801627186556,0.647106362598281
2021-06-18,0.038619463183229015,0.016291704300155436,0.7033079964091978
2021-06-21,0.04157928233571432,0.013331885147669977,0.7572099491109144
2021-06-22,0.04958556258787496,0.0053256048955092885,0.9030141747191811
2021-06-23,0.05297448149393514,0.0019366859894491375,0.9647305625028796
2021-06-24,0.05406248658672353,0.0008486808966607737,0.9845444754581557
2021-06-25,0.06056768476593909,0.0,1.0
2021-06-28,0.05679810049235291,0.0037695842735859728,0.9377624505847737
2021-06-29,0.04920186706744817,0.01136581769849084,0.81234518469026
2021-06-30,0.05347791914996791,0.00708976561597126,0.882944747791346
2021-07-01,0.038473006927816536,0.012739572627153625,0.7512413407436483
2021-07-02,0.026953836275085304,0.018403972950690912,0.5942490771747373
2021-07-05,0.02443272228382505,0.012584189554376112,0.6600421556130642
2021-07-06,0.030284849769296313,0.006732062068904722,0.8181355025419136
2021-07-07,0.029569956067261222,0.007446955770939813,0.7988228784861886
2021-07-08,0.02038618945007432,0.016630722388126795,0.5507263690494019
2021-07-09,0.026647367208636506,0.010369544629564546,0.7198700779014394
2021-07-12,0.02777951885785813,0.009237392980342778,0.7504547915634084
2021-07-13,0.03505352601533242,0.0019633858228687885,0.9469597617583382
2021-07-14,0.02590926789980958,0.011107643938391509,0.699930561821515
2021-07-15,0.027325783470346712,0.009691128367854334,0.7381972756070592
2021-07-16,0.025113670041647062,0.008573228361296831,0.7455025909851167
2021-07-19,0.01798184293260968,0.011565449089451401,0.6085783739228551
2021-07-20,0.011938757115860434,0.0130955617938806,0.4768956231205866
2021-07-21,0.015104028994837471,0.009930289914903604,0.6033329306578563
2021-07-22,0.022233681469393383,0.002800637440347705,0.8881280752855653
2021-07-23,0.018393264922032197,0.006641053987709006,0.7347220025576617
2021-07-26,0.0018319508612051271,0.023202368048536013,0.07317757945842474
2021-07-27,0.0,0.04232533403303571,0.0
2021-07-28,0.0,0.059329320465082984,0.0
2021-07-29,0.008243378700405765,0.05108594176467734,0.13894274594392522
2021-07-30,0.012982423119172195,0.0463468973459109,0.2188196833775081
2021-08-02,0.02620852216111897,0.03312079830396414,0.44174654210886144
2021-08-03,0.023149747654794033,0.03617957281028906,0.39019067593093854
2021-08-04,0.02713071045679985,0.03219861000828308,0.4572900927251827
2021-08-05,0.02283351665036324,0.03649580381471969,0.3848605794128629
2021-08-06,0.025753034248027676,0.033576286217055266,0.4340692602940581
2021-08-09,0.037951000667811326,0.021378319797271755,0.6396668691013665
2021-08-10,0.044933192531920185,0.014396127933162767,0.7573522194370099
2021-08-11,0.05618834921975893,0.003140971245324102,0.9470587018239548
2021-08-12,0.05827705286528253,0.0010522675998005584,0.9822639532772022
2021-08-13,0.059404440083561674,0.0,1.0
2021-08-16,0.06242618571390475,0.0,1.0
2021-08-17,0.04834526730234249,0.014080918411562308,0.7744389113232986
2021-08-18,0.06334221844302464,0.0,1.0
2021-08-19,0.054257173501753735,0.009085044941271067,0.8565720436608499
2021-08-20,0.05250367807054019,0.010838540372484485,0.828889157359817
2021-08-23,0.06553247098853981,0.0,1.0
2021-08-24,0.07136594414260933,0.0,1.0
2021-08-25,0.07944498382489062,0.0,1.0
2021-08-26,0.07966084810324782,0.0,1.0
2021-08-27,0.0823278527632028,0.0,1.0
2021-08-30,0.08256113418470203,0.0,1.0
2021-08-31,0.0958844121144112,0.0,1.0
2021-09-01,0.10076674759755136,0.0,1.0
2021-09-02,0.11681947005143327,0.0,1.0
2021-09-03,0.11856523557320632,0.0,1.0
2021-09-06,0.12570684832057352,0.0,1.0
2021-09-07,0.14105811838005336,0.0,1.0
2021-09-08,0.15322523806555677,0.0,1.0
2021-09-09,0.1624786662246031,0.0,1.0
2021-09-10,0.15457762941215633,0.007901036812446725,0.9513718508648717
2021-09-13,0.1698892202386598,0.0,1.0
2021-09-14,0.14911049945482338,0.0207787207838366,0.8776925295516296
2021-09-15,0.15973868090429644,0.010150539334363369,0.9402520105742794
2021-09-16,0.14934500349585583,0.020544216742804166,0.8790728645764359
2021-09-17,0.14509796490368496,0.024791255334974765,0.8540739942172428
2021-09-22,0.158804854339786,0.011084365898873764,0.9347553312487838
2021-09-23,0.16620711271123764,0.0036821075274220518,0.9783264204624083
2021-09-24,0.1348782714997928,0.026767570038461218,0.8344060708043233
2021-09-27,0.1012286407810846,0.05567815633840291,0.6451514060541116
2021-09-28,0.10661000214359205,0.040445701444704454,0.7249633951095295
2021-09-29,0.08035817704043116,0.0666975265478654,0.5464471970798586
2021-09-30,0.09212633953358551,0.054929364054711036,0.626472399815966
2021-10-08,0.11158438862058359,0.03547131496771285,0.758789940803521
2021-10-11,0.10952143246243608,0.03461475352819605,0.7598468886193105
2021-10-12,0.08464898299791276,0.04728923657293589,0.6415804554074466
2021-10-13,0.0707285612724212,0.054227466434318354,0.5660276064345988
2021-10-14,0.06700954215461725,0.05453441078169993,0.5513194242557409
2021-10-15,0.060235850022509606,0.06130810291380774,0.49558903234017765
2021-10-18,0.06718709988165879,0.05435685305465859,0.5527802762582626
2021-10-19,0.06930632874672939,0.05223762418958805,0.5702161816560485
2021-10-20,0.06378575656369345,0.05775819637262367,0.5247958045030341
2021-10-21,0.06175318488156395,0.05563235728655565,0.5260714713326538
2021-10-22,0.05247656875128837,0.0649089734168311,0.4470445659835304
2021-10-25,0.05379675391480585,0.06358878825331385,0.4582911397875395
2021-10-26,0.03361926706428835,0.07073748218583166,0.3221570938714315
2021-10-27,0.012990567847232475,0.08553270824881797,0.13185277999249595
2021-10-28,0.0,0.10041399109813882,0.0
2021-10-29,0.007624689332804045,0.0927893017653346,0.07593253937443965
2021-11-01,0.01511843680432268,0.0852955542938161,0.15056105866309807
2021-11-02,0.0,0.1031768387004277,0.0
2021-11-03,0.00533015261665577,0.0978466860837718,0.05166035986169134
2021-11-04,0.011257114438388014,0.09191972426203968,0.10910505284110193
2021-11-05,0.0068382557361327525,0.09633858296429502,0.06627704262181858
2021-11-08,0.012468635526216148,0.09070820317421156,0.12084723357747595
2021-11-09,0.016245517093620734,0.08693132160680686,0.1574531386912265
2021-11-10,0.019158588977915544,0.0840182497225122,0.18568691597095927
2021-11-11,0.03361450082204625,0.0695623378783815,0.3257950257581103
2021-11-12,0.03484624654812157,0.06833059215230616,0.3377332256641152
2021-11-15,0.04091559425844651,0.06226124444198111,0.3965579365854027
2021-11-16,0.03652013510676658,0.06665670359366094,0.35395671709619125
2021-11-17,0.04317146871169573,0.05632326246130997,0.4339070843523094
2021-11-18,0.0353545023599973,0.06414022881300822,0.35534044811399546
2021-11-19,0.046363883597661935,0.05313084757534353,0.4659933551359874
2021-11-22,0.04560703754529657,0.053887693627709024,0.45838645933916994
2021-11-23,0.0498413833529904,0.0496533478200152,0.5009449522138425
2021-11-24,0.051882254320159096,0.04761247685284639,0.5214573044068447
2021-11-25,0.050596234176588595,0.025813034485377907,0.6621740406968899
2021-11-26,0.04437578856028364,0.024186296611948054,0.6472351074038842
2021-11-29,0.03873000678251982,0.02983207838971194,0.5648895695810286
2021-11-30,0.04665584647701806,0.021906238695213638,0.6804904833307801
2021-12-01,0.06037564053504993,0.008186444637181746,0.8805980795855763
2021-12-02,0.05926370719838363,0.009298377973847936,0.8643801752748634
2021-12-03,0.06513083631093246,0.0034312488612992026,0.9499541349613315
2021-12-06,0.059158283192763464,0.0059725531181689055,0.9082991489675314
2021-12-07,0.06252575724856671,0.002605079062365617,0.9600023704604519
2021-12-08,0.06694220595755423,0.0,1.0
2021-12-09,0.07453228025740909,0.0,1.0
2021-12-10,0.07430584253825326,0.00022643771915577235,0.9969618839196421
2021-12-13,0.07673882825801637,0.0,1.0
2021-12-14,0.076445566515128,0.0002932617428883575,0.9961784438263466
2021-12-15,0.08257211005014183,0.0,1.0
2021-12-16,0.09406222358071625,0.0,1.0
2021-12-17,0.09383383696432988,0.0002283866163865713,0.9975719623915695
2021-12-20,0.09269515284452559,0.0013670707361907466,0.9854663149120897
2021-12-21,0.11027653131673625,0.0,1.0
2021-12-22,0.1066267691035673,0.003649762213169114,0.9669035453909386
2021-12-23,0.10303831997837493,0.007238211338361537,0.93436308476577
2021-12-24,0.09202446123495032,0.018252070081785997,0.8344881738312716
2021-12-27,0.09772595377616124,0.012550577540575038,0.8861899500218476
2021-12-28,0.09375372703505477,0.011192651665025678,0.8933488529698349
2021-12-29,0.09147553802010461,0.011962737560499112,0.8843490236727969
2021-12-30,0.1003796613275144,0.003058614253089233,0.9704305370916028
2021-12-31,0.0988555120786784,0.0,1.0
2022-01-04,0.11046440388112223,0.0,1.0
2022-01-05,0.1053899631287324,0.0021613688680951365,0.9799038391439087
2022-01-06,0.09572255913194226,0.0,1.0
2022-01-07,0.093878153545945,0.0006126598599219728,0.9935161965715079
2022-01-10,0.10022987592595146,0.0,1.0
2022-01-11,0.10098999539728153,0.0,1.0
2022-01-12,0.10534483863762621,0.0,1.0
2022-01-13,0.10415443653176452,0.00119040210586188,0.9886999484620531
2022-01-14,0.08183359206249731,0.020135742152606332,0.8025313952709536
2022-01-17,0.09031437855940169,0.011654955655701831,0.8857013655584355
2022-01-18,0.08918730915923374,0.012782025055870035,0.8746483425212288
2022-01-19,0.09703369703575469,0.004935637179349043,0.951596848039261
2022-01-20,0.08826492406651601,0.01370441014858774,0.8656026318689267
2022-01-21,0.07995806007709653,0.022011274138007166,0.7841382969945208
2022-01-24,0.07437404096603527,0.027595293249068613,0.7293765477485962
2022-01-25,0.030136824891551266,0.06390666962905432,0.320456242562829
2022-01-26,0.027255461199532243,0.05428559660532776,0.334254447186087
2022-01-27,0.006573354421660148,0.07496770338319986,0.08061404399966421
2022-01-28,0.011313221583928026,0.07022783622093177,0.1387426394565826
2022-02-07,0.03447819032787151,0.047062867476988485,0.42283226703267696
2022-02-08,0.05492854126987443,0.02324504247918242,0.7026483709151576
2022-02-09,0.05888498132718723,0.016082722056012536,0.7854713252478177
2022-02-10,0.06629047302057708,0.008677230362623004,0.884253752335602
2022-02-11,0.061888694215465404,0.013079009167734489,0.8255380840349251
2022-02-14,0.05295081699657233,0.02201688638662764,0.7063150477734715
2022-02-15,0.04630066948084696,0.02866703390235286,0.6176082151560599
2022-02-16,0.05758589087055431,0.01738181251264565,0.7681426570612957
2022-02-17,0.05167489689194388,0.023292806491255875,0.6892954507063667
2022-02-18,0.06408062783602071,0.01088707554717924,0.8547764563157338
2022-02-21,0.0722557877437319,0.0027119156394680827,0.9638255473079382
2022-02-22,0.0628699631777222,0.012097740205477695,0.8386273066997971
2022-02-23,0.06360819872837709,0.011359504654822947,0.8484746878698092
2022-02-24,0.041624788086083,0.033342915297116846,0.5552362711888951
2022-02-25,0.0442177130232054,0.030749990359994355,0.5898234976892006
2022-02-28,0.042903383643259733,0.03206431973994018,0.5722915563246971
2022-03-01,0.05311243714916125,0.021855266234038474,0.7084709115027227
2022-03-02,0.05963062344070947,0.015337079942490542,0.795417503133389
2022-03-03,0.0698212864171829,0.005146416966016864,0.9313515456154393
2022-03-04,0.05761605649660209,0.017351646886597818,0.7685450386828006
2022-03-07,0.04773861656410291,0.027229086819096922,0.6367891026364437
2022-03-08,0.020013567829424185,0.054954135553775756,0.26696253087978644
2022-03-09,0.006774961013255692,0.06819274236994426,0.0903717295249829
2022-03-10,0.017797179065270414,0.0571705243179294,0.2373979495450136
2022-03-11,0.023867322305464473,0.051100381077735464,0.3183680602227582
2022-03-14,0.0,0.07500202516410145,0.0
2022-03-15,0.0,0.12986723108130577,0.0
2022-03-16,0.030561381313485278,0.09811544766195866,0.23750493042781978
2022-03-17,0.04170932380037414,0.08544599164146359,0.32801871990520487
2022-03-18,0.06326660867218023,0.0638887067696575,0.4975537865038689
2022-03-21,0.06949964782392236,0.05765566761791518,0.5465728867285331
2022-03-22,0.08032162524534614,0.046833690196491556,0.6316812235984439
2022-03-23,0.07872929304338024,0.048426022398457474,0.6191584895197866
2022-03-24,0.0720413596865553,0.05511395575528224,0.5665619202486893
2022-03-25,0.07367224432325702,0.05348307111858052,0.579387846015416
2022-03-28,0.08122751041788295,0.04592780502395467,0.6388054650773715
2022-03-29,0.07707423128315909,0.05008108415867862,0.6061424252328148
2022-03-30,0.09068066545666068,0.03647464998517706,0.7131488380298111
2022-03-31,0.09880977447010472,0.028345540971732943,0.7770793861566996
2022-04-01,0.10423794798205675,0.022917367459781058,0.8197687027070159
2022-04-06,0.12115511136638349,0.0060002040754542265,0.9528120074681519
2022-04-07,0.10108550146570658,0.026069813976131204,0.7949766088382219
2022-04-08,0.10605111878062684,0.02110419666121094,0.834028199388454
2022-04-11,0.0867683244802602,0.04038699096157739,0.6823806317396861
2022-04-12,0.10146456871061639,0.02569074673122142,0.7979577444957648
2022-04-13,0.09122634065191182,0.0359289747899258,0.7174402449077314
2022-04-14,0.10018329727912965,0.026972018162707903,0.7878813160976723
2022-04-15,0.08938149134058862,0.03777382410124918,0.702931615796059
2022-04-18,0.08276465604759001,0.04439065939424782,0.6508941899911956
2022-04-19,0.08957927581217978,0.037576039629657824,0.7044870715857288
2022-04-20,0.07871831458859742,0.04600249952669135,0.6311561959163624
2022-04-21,0.0503148476554727,0.07440596645981619,0.4034198141856489
2022-04-22,0.05443194009237693,0.07028887402291188,0.43643028213447516
2022-04-25,0.0,0.1306414989796922,0.0
2022-04-26,0.0,0.1545793656487017,0.0
2022-04-27,0.012492921763264483,0.14208644388543726,0.08081881893380255
2022-04-28,0.008090405745092013,0.14648895990360966,0.05233819993464286
2022-04-29,0.03703807466305144,0.11754129098565015,0.2396055547751728
2022-05-05,0.04639479148401184,0.10461887141578449,0.30722247638478023
2022-05-06,0.028274444323735614,0.12273921857606077,0.18723103446935688
2022-05-09,0.04088871967665566,0.11012494322314066,0.27076172375069785
2022-05-10,0.0518224004312425,0.09919126246855368,0.34316365444117997
2022-05-11,0.05102399768368357,0.09998966521611272,0.3378766974054531
2022-05-12,0.05379029344502385,0.09722336945477249,0.35619487940449385
2022-05-13,0.06398360727178438,0.08703005562801192,0.42369416146299366
2022-05-16,0.06614539316151119,0.08486826973828519,0.43800932903270684
2022-05-17,0.0628930966004502,0.08812056629934603,0.41647288988799874
2022-05-18,0.06591447043729726,0.08509919246249897,0.43648017783022863
2022-05-19,0.06996986006071382,0.08104380283908241,0.4633346328877652
2022-05-20,0.08093283557861725,0.0700808273211791,0.5359305510807949
2022-05-23,0.08706145347704677,0.06395220942274947,0.5765137524994386
2022-05-24,0.05836967223488865,0.09264399066490772,0.38651914743382704
2022-05-25,0.07716028262850727,0.07385338027128903,0.5109490171078511
2022-05-26,0.08345420775701036,0.06755945514278604,0.5526268693474813
2022-05-27,0.08716594585229774,0.06384771704749874,0.5772056923758997
2022-05-30,0.09124206206520288,0.059771600834593513,0.60419739719674
2022-05-31,0.09621874893024912,0.05479491396954731,0.6371526064770318
2022-06-01,0.09974359906853718,0.05127006383125906,0.6604938728936146
2022-06-02,0.10065898374111755,0.05035467915867875,0.6665554745725815
2022-06-06,0.1050946657399722,0.04591899715982412,0.6959281943230976
2022-06-07,0.10407305964122224,0.03183661067281758,0.7657516893444426
2022-06-08,0.10700686229230841,0.028902808021731174,0.7873381051182972
2022-06-09,0.09914007077141916,0.03218304947261004,0.7549323423567277
2022-06-10,0.11183045298222577,0.019492667261803542,0.8515671328431614
2022-06-13,0.10460806818684755,0.02543378062569508,0.8044184940621825
2022-06-14,0.11669909456768263,0.013342754244859999,0.8973964583962983
2022-06-15,0.12111627657649998,0.0,1.0
2022-06-16,0.1155274785069106,0.0055887980695894755,0.9538559289670744
2022-06-17,0.11627029210661952,0.004845984469880561,0.9599889906884669
2022-06-20,0.11951098625592335,0.0016052903205767796,0.9867458745764626
2022-06-21,0.12088286725567436,0.0002334093208256453,0.9980728492699474
2022-06-22,0.10947727668108694,0.011638999895412925,0.9039022646302913
2022-06-23,0.1266240763150154,0.0,1.0
2022-06-24,0.1292446769481159,0.0,1.0
2022-06-27,0.12822286936102198,0.0,1.0
2022-06-28,0.13937147242625625,0.0,1.0
2022-06-29,0.10741592947016709,0.011771504377445603,0.9012353568036704
2022-06-30,0.1111408072990954,0.00804662654851706,0.9324876265160209
2022-07-01,0.11017387490761944,0.009013558939993121,0.9243749223469528
2022-07-04,0.09909336410342315,0.007479794391269424,0.9298154010173029
2022-07-05,0.08705860551423919,0.009379274973425377,0.9027428337703348
2022-07-06,0.07355789650827844,0.022879983979385926,0.7627489958957303
2022-07-07,0.07631263246210059,0.017358952264223893,0.8146828377576758
2022-07-08,0.07607598595252713,0.01301621998393234,0.8539016982785732
2022-07-11,0.07291334485931514,0.016178861077144332,0.8184031823313132
2022-07-12,0.06999732440542764,0.01909488153103188,0.7856728169392244
2022-07-13,0.07700347996751246,0.012088725968947138,0.8643121938459039
2022-07-14,0.06807336089061587,0.02101884504584353,0.7640776224484308
2022-07-15,0.044482008420593695,0.0446101975158657,0.499280581876245
2022-07-18,0.07209285424807917,0.016999351688380133,0.8091937278946252
2022-07-19,0.08005172767702995,0.00904047825942947,0.8985267211154572
2022-07-20,0.06743244058695592,0.0028691549558848423,0.9591879112596182
2022-07-21,0.053717450484472455,0.010290219929865395,0.8392345813672925
2022-07-22,0.05387053164000459,0.0064254006790459605,0.8934355862507187
2022-07-25,0.04406245804232858,0.012157358063816638,0.7837531513645817
2022-07-26,0.048581854043406626,0.002661275197692403,0.948065716573024
2022-07-27,0.04660965347303311,0.0017121539268959572,0.9645676761896437
2022-07-28,0.05100705967199369,0.0,1.0
2022-07-29,0.04531218374659342,0.00569487592540018,0.8883512211442554
2022-08-01,0.04407386809903583,0.006933191572957719,0.8640738827616733
2022-08-02,0.009461641154930688,0.0415454185170631,0.18549669821735967
2022-08-03,0.0006775593429742456,0.050329500329019186,0.013283638526340593
2022-08-04,0.012399779441968288,0.03792972088705102,0.24637199576604463
2022-08-05,0.021153699407473497,0.029175800921545734,0.42030418083202375
2022-08-08,0.028540869080963094,0.02178863124805626,0.5670803185881579
2022-08-09,0.02934440786577967,0.020985092463239614,0.5830458811223305
2022-08-10,0.03065733306859789,0.019672167260421453,0.6091324743576139
2022-08-11,0.04660606917508495,0.003723431153934319,0.9260189127729639
2022-08-12,0.048792939880076526,0.0015365604489427098,0.9694699840273051
2022-08-15,0.04893671115632198,0.0013927891726973226,0.9723265845360627
2022-08-16,0.055424824560373884,0.0,1.0
2022-08-17,0.06180809981411572,0.0,1.0
2022-08-18,0.05748465510894323,0.004323444705172405,0.9300505157386343
2022-08-19,0.05569611193642249,0.006111987877693273,0.9011134803355108
2022-08-22,0.06005198146926434,0.0017561183448512566,0.9715875694264556
2022-08-23,0.06383460379865391,0.0,1.0
2022-08-24,0.04558184849515207,0.018252755303501695,0.7140617436731606
2022-08-25,0.05214425773022179,0.01169034606843221,0.8168650642008259
2022-08-26,0.04709443109767901,0.016740172700975067,0.7377570830739921
2022-08-29,0.05312364396952078,0.01071095982913317,0.8322076242077494
2022-08-30,0.05272724911193472,0.011107354686719237,0.8259979066878229
2022-08-31,0.038403534618676294,0.02543106917997762,0.6016099784970564
2022-09-01,0.03673896582211106,0.027095637976542807,0.5755337017206614
2022-09-02,0.044396005360018184,0.019438598438635685,0.6954849363528813
2022-09-05,0.05533658516241814,0.008498018636235866,0.8668744202902838
2022-09-06,0.06598961752313226,0.0,1.0
2022-09-07,0.065857009368846,0.00013260815428611092,0.9979904694213507
2022-09-08,0.06048937986137627,0.0055002376617558375,0.9166499539139202
2022-09-09,0.0647375981168158,0.0012520194063163625,0.9810270243515584
2022-09-13,0.06404348005608841,0.0019461374670437855,0.9705084293546394
2022-09-14,0.05559576623990069,0.010393851283231654,0.8424926272744626
2022-09-15,0.046503694300460446,0.019485923222671734,0.7047122872648703
2022-09-16,0.01711298719197676,0.04887663033115562,0.25932847975634765
2022-09-19,0.01014330408888705,0.0558463134342451,0.15371060584388738
2022-09-20,0.016898658578401168,0.04909095894473106,0.25608056559014686
2022-09-21,0.025758893162948198,0.04023072436018394,0.39034766573572915
2022-09-22,0.0213699709609325,0.04461964656219989,0.3238383819006277
2022-09-23,0.011965018733456444,0.054024598789675665,0.1813166856022799
2022-09-26,0.0,0.07951063288029189,0.0
2022-09-27,0.015620746936835092,0.0638898859434566,0.19646110678496448
2022-09-28,1.1816629543037228e-05,0.07949881625074882,0.00014861697253533234
2022-09-29,0.0,0.08986705615111973,0.0
2022-09-30,0.0,0.09059026728772449,0.0
2022-10-10,0.0,0.09964256308497796,0.0
2022-10-11,0.003479618695026637,0.0961629443899513,0.03492100752224852
2022-10-12,0.022486587344644232,0.07715597574033374,0.22567251030533045
2022-10-13,0.02417510093839467,0.0754674621465834,0.24261821645211434
2022-10-14,0.03789270349561341,0.061749859589364596,0.38028631864173784
2022-10-17,0.048511465029090345,0.05113109805588771,0.48685484924467837
2022-10-18,0.04838568475328208,0.05125687833169604,0.4855925345077418
2022-10-19,0.04122117043957468,0.05842139264540329,0.41369038655117807
2022-10-20,0.03859420199823004,0.06104836108674806,0.38732646775972407
2022-10-21,0.04020364083011304,0.0594389222548649,0.40347858972501804
2022-10-24,0.021132304099578423,0.07851025898539948,0.21208109712669893
2022-10-25,0.01932393246118562,0.0803186306237924,0.19393251099638636
2022-10-26,0.027750015754713194,0.07189254733026491,0.27849560364125886
2022-10-27,0.028363736925931592,0.07127882615904657,0.28465483070464725
2022-10-28,0.0,0.10005258523794794,0.0
2022-10-31,0.0,0.10079165258071139,0.0
2022-11-01,0.019886859456013553,0.08090479312469777,0.19730661167688143
2022-11-02,0.027912963077485694,0.07287868950322571,0.27693724988915824
2022-11-03,0.02488393222853244,0.075907720352179,0.24688485198321367
2022-11-04,0.04106082428740026,0.059730828293311146,0.4073831833893168
2022-11-07,0.04951811722714697,0.05127353535356449,0.4912918476804821
2022-11-08,0.050599673188565036,0.05019197939214641,0.5020224581400338
2022-11-09,0.051347581632178264,0.04931146279424703,0.5101139388394428
2022-11-10,0.05400947004025858,0.04553016313413652,0.5425926168085539
2022-11-11,0.06722042517007974,0.03231920800431528,0.6753131695021268
2022-11-14,0.07198927545143555,0.026856239662232044,0.7283008780788014
2022-11-15,0.08333569031192016,0.007062110985559768,0.921877403164709
2022-11-16,0.08092340008885952,0.0024122902230605202,0.9710533360432789
2022-11-17,0.08414219456508282,0.0,1.0
2022-11-18,0.07799292522789525,0.006149269337187573,0.926918125097971
2022-11-21,0.07590173122827,0.008240463336812874,0.902065029568025
2022-11-22,0.0777612204801218,0.0063809740849609334,0.9241643967340862
2022-11-23,0.07677294147709285,0.007369253087990026,0.9124190529367522
2022-11-24,0.07717976812314299,0.006962426441939755,0.9172540426604345
2022-11-25,0.08410446489263304,3.772967244990162e-05,0.9995515962871551
2022-11-28,0.07835684453113263,0.0057853500339503155,0.9312431763415036
2022-11-29,0.1041604346387818,0.0,1.0
2022-11-30,0.1042186239558377,0.0,1.0
2022-12-01,0.10452419824212773,0.0,1.0
2022-12-02,0.1061890786480492,0.0,1.0
2022-12-05,0.12656826913831282,0.0,1.0
2022-12-06,0.11976485027110322,0.006803418867209491,0.9462470419045174
2022-12-07,0.1167093595171705,0.009858909621142527,0.9221059931666697
2022-12-08,0.1162710231256536,0.010297246012659286,0.9186427523836443
2022-12-09,0.11572713300814379,0.010841136130169203,0.9143455448669993
2022-12-12,0.10579605833621722,0.020772210802095785,0.8358813710299218
2022-12-13,0.11154727194880279,0.015020997189510246,0.8813209875447108
2022-12-14,0.10769187885158842,0.01887639028672448,0.8508600108444518
2022-12-15,0.10513778338381409,0.021430485754498917,0.8306804232972498
2022-12-16,0.10587315460832492,0.020695114529987894,0.8364904989940848
2022-12-19,0.08229954658471192,0.04426872255360111,0.650238382376672
2022-12-20,0.07445456147968428,0.052113707658628765,0.5882561402362293
2022-12-21,0.07149492619036323,0.0550733429479496,0.5648724334867385
2022-12-22,0.06325962535653978,0.06330864378177307,0.49980635578898636
2022-12-23,0.06294287602925022,0.06362539310906262,0.4973037591314986
2022-12-26,0.04625515925700677,0.060426250425292434,0.4335821901374961
2022-12-27,0.049015838930845775,0.05266849797893462,0.4820392247267655
2022-12-28,0.04465761073503249,0.05702672617474806,0.43917885578242954
2022-12-29,0.02068441081494612,0.0648230340359665,0.24190187007705163
2022-12-30,0.022370622887577574,0.05467952902358839,0.29033846569659605
2023-01-03,0.03527765702489274,0.04069093892485504,0.4643715812284913
2023-01-04,0.044377749762745264,0.030842937743389243,0.5899673511908025
2023-01-05,0.04276613594231149,0.02979266315574289,0.5893997209699994
2023-01-06,0.031750914736102115,0.033072119299864186,0.48980914281928695
2023-01-09,0.03622949188762496,0.028593542148341547,0.558898429029461
2023-01-10,0.03049027240066862,0.03433276163529772,0.47036169864791316
2023-01-11,0.028695021372534914,0.03612801266343161,0.44266705190956845
2023-01-12,0.028716523956567444,0.036106510079399065,0.44299876399852445
2023-01-13,0.036737726085656605,0.028085307950309817,0.566738762416968
2023-01-16,0.04411054621697544,0.02071248781899093,0.6804764212749
2023-01-17,0.042143241951439446,0.022679792084526904,0.6501275754549954
2023-01-18,0.046369796896628304,0.01845323713933798,0.7153290120746365
2023-01-19,0.05065515789919454,0.014167876136771876,0.7814376271108975
2023-01-20,0.05949735491359179,0.005325679122374675,0.9178427976786805
2023-01-30,0.06743337410538025,0.0,1.0
2023-01-31,0.06961572548330085,0.0,1.0
2023-02-01,0.08095227982749018,0.0,1.0
2023-02-02,0.07999159631241036,0.0009606835150798125,0.9881327182245264
2023-02-03,0.07560734882841558,0.005344930999074548,0.9339742992975043
2023-02-06,0.07309370869668053,0.007858571130809774,0.9029234118229107
2023-02-07,0.08082145080565867,0.0001308290218315802,0.9983838747702921
2023-02-08,0.0766085157130554,0.0043437641144346,0.9463416703804859
2023-02-09,0.08581845423744396,0.0,1.0
2023-02-10,0.08679748989013358,0.0,1.0
2023-02-13,0.09160534366041846,0.0,1.0
2023-02-14,0.09423560903309053,0.0,1.0
2023-02-15,0.09353102278821028,0.0007045862448803652,0.9925231422377401
2023-02-16,0.07945824117117471,0.014777367861915929,0.8431870074004946
2023-02-17,0.07699787972261228,0.01723772931047829,0.8170783901399172
2023-02-20,0.09485661756984708,0.0,1.0
2023-02-21,0.10048947565482617,0.0,1.0
2023-02-22,0.09806906328072018,0.0024204123741060285,0.9759137724788218
2023-02-23,0.09610263303497087,0.004386842619855222,0.9563452531594084
2023-02-24,0.09295055437061105,0.007538921284215077,0.9249780015758993
2023-02-27,0.08572627871539565,0.014763196939430494,0.8530871333218916
2023-02-28,0.09580003941357265,0.004689436241253324,0.9533340560223321
2023-03-01,0.1070221403562854,0.0,1.0
2023-03-02,0.10952068476665631,0.0,1.0
2023-03-03,0.10470268654650633,0.0,1.0
2023-03-06,0.08576382475388619,0.004950271693886878,0.9454299619603564
2023-03-07,0.06860883466410767,0.017542335522241652,0.7963772809551315
2023-03-08,0.07365548364537221,0.012495686540977343,0.854956276113853
2023-03-09,0.07342035459609293,0.012730815590256716,0.8522270148772295
2023-03-10,0.05744155541349892,0.028709614772850407,0.6667530491953846
2023-03-13,0.06439460732680759,0.021756562859541712,0.7474606228507266
2023-03-14,0.05179928197542631,0.03435188821092322,0.6012603411350272
2023-03-15,0.06654563163776898,0.019584035964548045,0.7726214844463049
2023-03-16,0.04774830444199719,0.03036016103123066,0.611307675201521
2023-03-17,0.053472722142324014,0.019230227465120812,0.7354959108405743
2023-03-20,0.04894578476176946,0.023757164845675527,0.6732296973650884
2023-03-21,0.0515387603369904,0.01693763432526558,0.7526500276656424
2023-03-22,0.05530651235883212,0.008884521300857717,0.8615924873875812
2023-03-23,0.049237829417382147,0.006111007227910614,0.8895910447572102
2023-03-24,0.03762557731479356,0.00978724013871051,0.793573960283873
2023-03-27,0.029374206172926822,0.015856259902656666,0.649434081086857
2023-03-28,0.022709424130241976,0.019043058731961875,0.5439059565676638
2023-03-29,0.015681826889602787,0.026070655972601185,0.3755902838486908
2023-03-30,0.014709404239265911,0.027043078622938053,0.352300108422569
2023-03-31,0.02133139270138997,0.020421090160814028,0.5109011785428452
2023-04-03,0.025025672311652338,0.013212003534176658,0.6544768152895507
2023-04-04,0.02608817894341195,0.012149496902416953,0.6822637193901976
2023-04-06,0.020648256370912024,0.017200055465360176,0.5455529023390581
2023-04-07,0.026369856104197457,0.0114784557320748,0.6967247632673983
2023-04-10,0.020073261920985127,0.017775049915287,0.5303608258096154
2023-04-11,0.021834777691214197,0.016013534145058003,0.5769022878924994
2023-04-12,0.032497886075189844,0.005350425761082454,0.8586350222375091
2023-04-13,0.03182534798683128,0.006022963849440969,0.8408657201014496
2023-04-14,0.03578588799351677,0.0020624238427554816,0.9455081681931466
2023-04-17,0.044090854524284455,0.0,1.0
2023-04-18,0.043096494328623315,0.000994360195661225,0.9774474728060999
2023-04-19,0.036609949204258675,0.0074809053200257415,0.8303297724496267
2023-04-20,0.03514827372481951,0.008942580799465109,0.7971783287951549
2023-04-21,0.015111347400591358,0.028979507123693127,0.34273201469180614
2023-04-24,0.014066570223578628,0.030024284300705882,0.3190360081551832
2023-04-25,0.007424178373269405,0.03666667615101516,0.1683836354131055
2023-04-26,0.011045285565730367,0.03304556895855412,0.2505119414196614
2023-04-27,0.01644243651082559,0.027648418013459068,0.3729217019772052
2023-04-28,0.034786818588461575,0.009304035935823112,0.7889803671031469
