date,r_log_daily,sigma_ann,T
2015-05-04,,,
2015-05-05,-0.040983150845017205,,
2015-05-06,-0.022429911973386056,,
2015-05-07,-0.02967467678768722,,
2015-05-08,0.02904999323993646,,
2015-05-11,0.03190532781858328,,
2015-05-12,0.011184386576046914,,
2015-05-13,-0.0006661571968589408,,
2015-05-14,0.005110136392752419,,
2015-05-15,-0.016699671789422568,,
2015-05-18,0.0024275649879900523,,
2015-05-19,0.031544018328787386,,
2015-05-20,0.009622727271734433,,
2015-05-21,0.02413163050477179,,
2015-05-22,0.025167349963992103,,
2015-05-25,0.03170185977007726,,
2015-05-26,0.02321943140447939,,
2015-05-27,0.00782803377264708,,
2015-05-28,-0.06351975020850519,,
2015-05-29,0.003724081261597025,,
2015-06-01,0.05285021812673884,0.4526058597064156,
2015-06-02,0.02726981187043406,0.4229583026987065,
2015-06-03,0.004264701360382795,0.40679730295614946,
2015-06-04,0.009801955911882102,0.37818930519053323,
2015-06-05,0.01798818235333175,0.3737799821263379,
2015-06-08,0.018137746825704168,0.36716396369566706,
2015-06-09,-0.0023200493681229052,0.3703138137023918,
2015-06-10,0.004694515213276937,0.3686398355781718,
2015-06-11,0.010999482792725728,0.3680164243868968,
2015-06-12,0.01893620137520693,0.3537215068717693,
2015-06-15,-0.009517588059240216,0.3608912627143884,
2015-06-16,-0.03593270391347997,0.3914250529307442,
2015-06-17,0.017201421087441337,0.39252010645744007,
2015-06-18,-0.028502628534601962,0.41026156954198423,
2015-06-19,-0.06875997624883973,0.48317994507785184,
2015-06-23,0.01152702618021445,0.47190860573992593,
2015-06-24,0.029137709645083856,0.47605478014060804,
2015-06-25,-0.031522684188772604,0.489198154247003,
2015-06-26,-0.07766374863468711,0.5151827935393177,
2015-06-29,-0.04034199270830642,0.5328310882639166,
2015-06-30,0.04814970910488937,0.5264506507361322,
2015-07-01,-0.0673195514104821,0.5584532530575282,
2015-07-02,-0.05092209701767787,0.5757445713256301,
2015-07-03,-0.07391711286945105,0.6106602559406313,
2015-07-06,-0.0005316986575496684,0.6006474007795407,
2015-07-07,-0.033509076277189874,0.5890990564654465,
2015-07-08,-0.059139306485614614,0.6021354681633009,
2015-07-09,0.056151053137725365,0.6573861819833148,
2015-07-10,0.04884438661988992,0.6932487104049881,
2015-07-13,0.03620903906595417,0.7078087833628952,
2015-07-14,0.0039880669731767685,0.711195809395392,
2015-07-15,-0.03479347395954855,0.7107803606223864,
2015-07-16,0.012692438672981265,0.7081803475553707,
2015-07-17,0.04481949671106619,0.7382162852350297,
2015-07-20,0.01326200334450073,0.7120301471607833,
2015-07-21,0.009651215263087572,0.7113701514935062,
2015-07-22,0.004675503236203482,0.6994782144758668,
2015-07-23,0.028700502576055848,0.707024688938744,
2015-07-24,-0.016975789504606726,0.6571215532419791,
2015-07-27,-0.09056376356462097,0.7159952568868071,-2531.2644405127057
2015-07-28,-0.02124418652248346,0.6881854214293308,-2778.667067220101
2015-07-29,0.0422590392425754,0.6758823473063502,-2889.2930470064953
2015-07-30,-0.024332283740788736,0.6577552333574771,-3000.078752589019
2015-07-31,-0.010412023684623793,0.6028818277066856,-3244.16119950607
2015-08-03,-0.01837081567451816,0.6065958834271901,-3196.862831275868
2015-08-04,0.04644551070382392,0.6150571582303621,-3046.1453458904084
2015-08-05,-0.012423539536023816,0.5727608338556665,-3098.973827146534
2015-08-06,-0.004745725022832959,0.5418986721367695,-3160.1639840048438
2015-08-07,0.025696169029052016,0.5217130934310918,-3197.9093254001846
2015-08-10,0.047077488495286354,0.5325543267755976,-3062.0616239097812
2015-08-11,0.00364283427297019,0.5325409672001256,-2992.1234824635244
2015-08-12,-0.011431411398974156,0.5172221151169156,-2959.216080027865
2015-08-13,0.022048626119305786,0.5205023524362404,-2811.2085561532717
2015-08-14,0.006837936606075549,0.4978568743905118,-2845.899908619071
2015-08-17,0.01642308020702189,0.49893141810196223,-2736.1646319915903
2015-08-18,-0.06951079165528903,0.558691344116217,-2406.6347441393455
2015-08-19,0.01811637846234998,0.5627829811735782,-2332.2065708697123
2015-08-20,-0.030696594558617223,0.5605036355006048,-2342.670502325256
2015-08-21,-0.052791738932268635,0.5852799560319025,-2292.6227916021935
2015-08-24,-0.09342436287769242,0.5908301020729246,-2276.895103933998
2015-08-25,-0.08692587697451011,0.655686398802231,-2063.1816812700113
2015-08-26,-0.012501420366909656,0.6267187822228568,-2209.6869802138604
2015-08-27,0.0529254739691298,0.6654626207313993,-2074.2772877053176
2015-08-28,0.05129410201844184,0.6979955735543664,-1929.3145272290333
2015-08-31,-0.019668350680216457,0.6983374960174371,-1866.480998227997
2015-09-01,-0.025692937993176134,0.6741328097084757,-1920.7127755136783
2015-09-02,-0.009063240836639444,0.6739979369780571,-1902.1143779975773
2015-09-07,-0.012084750159528727,0.673941934985732,-1883.1402243778375
2015-09-08,0.037746300902338555,0.6834570038799561,-1837.5632890881732
2015-09-09,0.02790329041951109,0.6659857468347934,-1889.7181198166497
2015-09-10,-0.014671778526122855,0.6644206212072058,-1915.035384796091
2015-09-11,0.005465820366784243,0.6667282068656144,-1930.3673072178058
2015-09-14,-0.04739168810075907,0.6688273208008415,-1988.590515522186
2015-09-15,-0.036764370416960304,0.6696807102971092,-2090.2687581453984
2015-09-16,0.0569232673008825,0.7092028028006471,-2087.360616954756
2015-09-17,-0.019220305081664266,0.6778667541293214,-2235.884841331003
2015-09-18,0.007854058605690996,0.6730774084923481,-2306.1772891921078
2015-09-21,0.0219798017299382,0.6786223551880348,-2311.1941244043087
2015-09-22,0.009297925705505732,0.66030160232493,-2373.3828518392993
2015-09-23,-0.01913661214419652,0.5760895645943511,-2649.220006397188
2015-09-24,0.01099899763023981,0.4806536299575654,-2954.818005068193
2015-09-25,-0.020323900735490896,0.4848502339040883,-2747.736806489551
2015-09-28,0.008172997423519358,0.4482752503038028,-2859.7574796538433
2015-09-29,-0.019895633878494263,0.4113748242318578,-3123.363230599215
2015-09-30,0.004081430496627569,0.40713490269509706,-3131.563579770402
2015-10-08,0.03575481288376773,0.41738664127400077,-2980.5669619326763
2015-10-09,0.017200205354215962,0.41907786144942966,-2895.1919081026085
2015-10-12,0.04099983685044945,0.436258519989461,-2632.063972896334
2015-10-13,0.005419757694301464,0.4191747946156687,-2604.550688695423
2015-10-14,-0.009818420328924984,0.4116437316779224,-2544.4016740658044
2015-10-15,0.027758476955601206,0.4165852430661114,-2357.6635266877815
2015-10-16,0.015603072383408453,0.4186178532241291,-2200.7776931579524
2015-10-19,-0.0012551249622310386,0.3722704180368754,-2232.9744536698377
2015-10-20,0.014769763649532317,0.33544036415954515,-2101.257258547317
2015-10-21,-0.04636588105779111,0.3415005960419185,-1833.2144675275745
2015-10-22,0.022340231591168935,0.33551985322905203,-1564.6133255040386
2015-10-23,0.023341022652789565,0.3409481593748892,-1223.7740211444257
2015-10-26,0.009553933149399748,0.33655429395713654,-923.8024064737199
2015-10-27,0.0011865994164965115,0.3368673475284291,-633.8152635842761
2015-10-28,-0.015364887622615774,0.3333796792312645,-397.7721946713935
2015-10-29,0.008424673245628901,0.33301402195445734,-177.06411576085952
2015-10-30,-0.0026908523434555445,0.32010346621631464,107.16326736103034
2015-11-02,-0.01942697765199694,0.33343201317829235,327.8779351685675
2015-11-03,-0.0004442640712145945,0.3206228825066529,602.0141123146293
2015-11-04,0.04868447108011124,0.3534701965300044,824.6862192673045
2015-11-05,0.0158329109187819,0.340130550062244,1137.5215583032116
2015-11-06,0.020227435609839323,0.34140901719762307,1402.2335162564127
2015-11-09,0.015099363273705022,0.319840949216612,1725.7270153136517
2015-11-10,0.0018341053388645312,0.32027589699929604,1962.1041500604983
2015-11-11,0.007327115969773515,0.31444406782633083,2306.0539987686734
2015-11-12,-0.006683363068535609,0.30846459415293515,2601.4449693011366
2015-11-13,-0.014822193628986822,0.3142303859482023,2738.139080355622
2015-11-16,0.015917051907055075,0.31627008912640875,2946.006800412071
2015-11-17,0.00020140339668477865,0.31448551696171595,3165.0344652315753
2015-11-18,-0.010862776861563572,0.2591403434347582,4194.954050475818
2015-11-19,0.01786589713340581,0.25586061390630355,4521.334157968387
2015-11-20,0.008259201493039622,0.247582562756408,4926.879016651438
2015-11-23,-0.003916646363527345,0.24891437748688144,5093.076634622335
2015-11-24,0.006473416450255139,0.24873555142581982,5252.104732026089
2015-11-25,0.013008743033289938,0.2387238566800937,5622.024342258584
2015-11-26,-0.0026312894382839987,0.24046343890120767,5634.774138048251
2015-11-27,-0.06244522188284887,0.3401996912117018,3933.741567783752
2015-11-30,0.00717874049491089,0.33045062992877144,4075.5573693120164
2015-12-01,0.0069461581298848885,0.330231344852971,4144.082185604256
2015-12-02,0.01827892170836068,0.2912081702703143,4681.8071715997585
2015-12-03,0.02053835124071254,0.2944929309890885,4592.586185767497
2015-12-04,-0.014083750670103342,0.2928815814950465,4505.210467422246
2015-12-07,0.0066632032759206955,0.289067747290207,4417.511737775002
2015-12-08,-0.02298145535844842,0.3010104890269372,4084.436849053823
2015-12-09,0.0011582750797054023,0.2996796519210841,3946.6387716066447
2015-12-10,-0.005906469391204812,0.29948988132206933,3790.179248535719
2015-12-11,-0.005997797847694466,0.2956065415117468,3708.005448935947
2015-12-14,0.02505908765798401,0.3039293970796323,3450.374253833397
2015-12-15,0.0006942192466459639,0.30393574538788937,3272.897912672774
2015-12-16,0.0037823155978093203,0.301322614396621,3187.919262515994
2015-12-17,0.021420160772684084,0.3042274250085786,3025.832291880689
2015-12-18,0.0011355286023106957,0.3030448089200289,2892.7905737464944
2015-12-21,0.018773909934075583,0.3090847682681911,2746.1026460660846
2015-12-22,0.00707667328632231,0.30921175924669303,2656.9828241165756
2015-12-23,-0.005557865686408431,0.30736965614704925,2533.279232658386
2015-12-24,-0.00436137550890612,0.3076985677559496,2397.0954389308295
2015-12-25,0.008488016943489248,0.19734366964581454,3752.028975621966
2015-12-28,-0.025302976113305106,0.2232872993736811,3258.7754373298326
2015-12-29,0.012522194401870811,0.22552949447857312,3158.9733676024834
2015-12-30,0.005319119671970123,0.21852077892754404,3148.1254858671095
2015-12-31,-0.012119988993839355,0.21329734206714113,3046.3233173441704
2016-01-04,-0.0810164357320143,0.3582595210902443,1639.3818784755215
2016-01-05,-0.0042562747121025835,0.3566250302894908,1476.2246672346973
2016-01-06,0.02896355817191924,0.36577294094625307,1355.5531619806839
2016-01-07,-0.07990422089227969,0.46152652017667506,925.877816302062
2016-01-08,0.024051883789182917,0.472487878001925,801.8371496332616
2016-01-11,-0.061906703751855,0.5167055501315563,603.5726406537116
2016-01-12,0.0009930438510363298,0.5045254509109629,451.2074985625283
2016-01-13,-0.026546873692563668,0.5082250191381074,266.48497856916634
2016-01-14,0.023001043144456595,0.5188145578303546,77.19103623616374
2016-01-15,-0.043435958733584884,0.5219966520437986,-159.36883823733868
2016-01-18,0.006634117503433308,0.5240118013283817,-381.1351821219285
2016-01-19,0.0339552708327101,0.5378221028638603,-584.5399404858189
2016-01-20,-0.010131951934678234,0.5341716080280742,-820.0922576494895
2016-01-21,-0.03323656238725106,0.53976034656912,-1063.4908071987443
2016-01-22,0.015028290824731873,0.547688955271518,-1276.5046533637083
2016-01-25,0.011740073047957319,0.5493385515865813,-1504.3813405773983
2016-01-26,-0.07375737103965259,0.5916239788266431,-1635.5025060326784
2016-01-27,-0.005525506713358275,0.5846420244257069,-1915.6961922129535
2016-01-28,-0.03462893616541709,0.5842328269321263,-2187.947922598507
2016-01-29,0.03143365128864852,0.608139052795961,-2323.263065419415
2016-02-01,-0.01820673008957507,0.5547638735150991,-2691.3723801195397
2016-02-02,0.025457156590695754,0.5692403983660371,-2736.4604441367965
2016-02-03,-0.001683716310781295,0.5520521814737092,-2974.502933671562
2016-02-04,0.015869944521031968,0.49483419306361265,-3367.2996396710164
2016-02-05,-0.006746336198463789,0.4818967539113675,-3548.269733688972
2016-02-15,-0.004921877760495098,0.43706645728087756,-3935.1159028920406
2016-02-16,0.03568550666508492,0.4598518943704231,-3726.024301104929
2016-02-17,0.01101080185983324,0.45362862305838175,-3718.1935051371906
2016-02-18,-0.0009739583295203669,0.44461141995588477,-3771.0408641768504
2016-02-19,0.0018040904491379132,0.4172864971052384,-3920.4228062702477
2016-02-22,0.025701037906318832,0.42672507102586704,-3719.1893354612084
2016-02-23,-0.004163900186155501,0.4086225030464604,-3820.153046790265
2016-02-24,0.00973148229393298,0.40882586142834854,-3726.3343077437166
2016-02-25,-0.07330565567617084,0.47188409805316994,-3160.467099483879
2016-02-26,0.012706218272337793,0.4708420907527491,-3109.3067691961705
2016-02-29,-0.033928663557140894,0.4807891279633524,-3058.805647768511
2016-03-01,0.020664798664745295,0.41210681880815114,-3459.5852376089492
2016-03-02,0.04781283794693267,0.4443398351079494,-3056.1972152164876
2016-03-03,0.004491444387377728,0.42155438245154553,-3002.1282805162186
2016-03-04,-0.002894017043129226,0.41038342774666103,-2890.956163883868
2016-03-07,0.01587418388960826,0.40458869313246365,-2705.0459357292975
2016-03-08,0.002646267842346546,0.3972595327846001,-2551.8137380557055
2016-03-09,-0.021644105655864117,0.40709002142231265,-2323.7391000027856
2016-03-10,-0.01952053268498365,0.4113472968135395,-2174.025469299171
2016-03-11,0.0010322619907527511,0.4103295211918103,-2046.6144646238356
2016-03-14,0.022270003240404474,0.4160933538407812,-1863.380720159305
2016-03-15,-0.0035184829209845745,0.39780450509059023,-1826.518614131498
2016-03-16,-0.0011667141252790785,0.3959990764939587,-1728.5410681433987
2016-03-17,0.017496030283009438,0.4006841796846779,-1582.537316960394
2016-03-18,0.02061190232503877,0.40663733216035997,-1405.2390704779693
2016-03-21,0.021165243800888456,0.4034437736082896,-1276.4306544980711
2016-03-22,-0.006312927365644834,0.40393820546527837,-1124.1170733288436
2016-03-23,0.004799802604446291,0.40301766135560424,-980.7858014719307
2016-03-24,-0.016906022948350356,0.30106784000203546,-1004.3467279599043
2016-03-25,0.00832653980012522,0.2998417310613779,-714.6648085801994
2016-03-28,-0.005684115067524589,0.2673780446630856,-402.4582502112103
2016-03-29,-0.013260020026312522,0.2689330133375588,-88.54807263885458
2016-03-30,0.029165362291558847,0.23436304196594315,203.0695608009502
2016-03-31,0.002390599357644976,0.23428635161882358,506.4422198739258
2016-04-01,0.0008662813842794325,0.2334650416386306,808.7734763545417
2016-04-05,0.01909542759561743,0.23609867581035396,1011.4471523980577
2016-04-06,0.0006499863431232107,0.23625502042085356,1212.8236096580954
2016-04-07,-0.014148036404586813,0.22721258346899353,1529.9387385416196
2016-04-08,-0.007298386203227299,0.21467934196375704,1860.5345520425647
2016-04-11,0.019030168191814783,0.2208211258960219,2099.8277744117163
2016-04-12,-0.0025778046297744834,0.2123166644980567,2359.7747316936957
2016-04-13,0.015556605867481137,0.2145757613870198,2550.0930912682556
2016-04-14,0.007292936977632548,0.2136648308202097,2769.9145950291545
2016-04-15,-0.00034093790872462005,0.20917719664345907,3014.93108930168
2016-04-18,-0.013757343857276562,0.2088164847623585,3077.640960185888
2016-04-19,0.0032039906247076826,0.1967989223555755,3274.2769063664578
2016-04-20,-0.032285223163735395,0.2293799414826969,2804.191723023232
2016-04-21,-0.005146920168696387,0.22945520382347623,2767.3186577854417
2016-04-22,0.004122412611252715,0.22125452947033963,2857.4691849856695
2016-04-25,-0.0029072634960317233,0.21974741104271342,2849.369936581241
2016-04-26,0.009586171703544692,0.22100728832108849,2849.614167859576
2016-04-27,-0.0034596661579213805,0.21530717336858105,2906.995573847126
2016-04-28,-0.00220608511951342,0.18893232940848456,3187.999473422142
2016-04-29,-0.0016431457150321439,0.18876483732769456,3021.419003352641
2016-05-03,0.02123185159110275,0.20371071718615938,2711.139474129695
2016-05-04,-0.0008200186812916403,0.1917746037332294,2704.4256985566626
2016-05-05,0.0032855648335683484,0.19217478022530135,2552.8280354555945
2016-05-06,-0.03383075140244314,0.2216160587958812,2062.725068227294
2016-05-09,-0.03416367949158164,0.2501809526472769,1668.8160932404369
2016-05-10,0.00041586429504790636,0.23733858296271393,1537.4315830926566
2016-05-11,-0.00039464254173126646,0.23756800165897612,1316.8278744699548
2016-05-12,-0.0013268008891309583,0.22711083748459485,1132.0471075454716
2016-05-13,-0.002577934102710091,0.22317913668113215,886.2566767726163
2016-05-16,0.01134863591316179,0.22992836655832546,621.8603449133941
2016-05-17,-0.003106304087490058,0.22706475676569374,423.18177437733794
2016-05-18,-0.018782077720139366,0.23177489013744673,193.5541851552487
2016-05-19,0.0011490568885410117,0.2080386778338158,64.83089334046855
2016-05-20,0.008695919230214682,0.21187730601788754,-44.37159179539286
2016-05-23,0.008952314853140252,0.2144873148706684,-211.8081747354469
2016-05-24,-0.007730183385827733,0.2154307871361117,-372.89702678031426
2016-05-25,-0.0015112638036609508,0.2108847024808945,-607.0489316072188
2016-05-26,0.003883929843117943,0.2121979357827137,-792.8611528638063
2016-05-27,0.000611607306026084,0.21247756609831694,-930.8300336445137
2016-05-30,-0.0012763048378836679,0.21249695372679503,-1063.212888644387
2016-05-31,0.033110025175182724,0.23312304306776754,-1092.3766407452063
2016-06-01,0.0010424974840613044,0.23331031671774458,-1197.2438135740979
2016-06-02,0.006202049076764567,0.23434938429596178,-1293.0266529623734
2016-06-03,0.0031261440686492776,0.2009954089220851,-1535.9198251787047
2016-06-06,0.001034187260524821,0.15412191285757534,-1928.7869441903454
2016-06-07,0.0008844349785245575,0.1540612181239136,-1853.2200174069392
2016-06-08,-0.0018176788250737672,0.1544573148146098,-1747.838879136484
2016-06-13,-0.034593903682144954,0.20204357247967605,-1327.6913326553974
2016-06-14,0.004679344553495075,0.20225166148281568,-1302.304917557934
2016-06-15,0.021012013145763918,0.21163070620872154,-1197.2065453336702
2016-06-16,-0.0014284354734564835,0.21125311779459768,-1126.4299235796564
2016-06-17,0.006220705581911199,0.19784923559289436,-1034.660723959268
2016-06-20,0.0022525887954639137,0.19777975232850453,-872.1629218149602
2016-06-21,-0.005007652739836119,0.1982210771240613,-738.66345996611
2016-06-22,0.011971644061088577,0.19991173035122656,-621.0949524999065
2016-06-23,-0.004176313438551002,0.19797474034455387,-491.87251446248865
2016-06-24,-0.010461027136567134,0.2027576214959734,-370.527789678298
2016-06-27,0.015476826069223269,0.2083875033075641,-247.14693787237465
2016-06-28,0.00613103415436681,0.20866490935472154,-94.79952041052101
2016-06-29,0.004382376582830892,0.20819408598508216,72.06816944714173
2016-06-30,0.0016185667419791787,0.1751843992816755,176.0830309461706
2016-07-01,0.0008765961782537972,0.17519022436422618,287.726290186928
2016-07-04,0.019463029040155386,0.18598337927228265,400.6818617784572
2016-07-05,0.005845393766146091,0.18643574090971152,516.2592011436195
2016-07-06,0.00224501907965635,0.18638328723364603,626.6280723635404
2016-07-07,0.001833656405966112,0.18631955141247752,759.6894632203425
2016-07-08,-0.0047634520115373835,0.18747830993974443,879.1985948648851
2016-07-11,0.0013161626651926465,0.1279369522194726,1663.7439742052377
2016-07-12,0.018005913929384425,0.13731275090450812,1947.643839131265
2016-07-13,0.006200609749285384,0.12323475774820312,2531.7451480489403
2016-07-14,-0.0015821218249371502,0.12332407060594697,2868.9073560005454
2016-07-15,-0.0005350359221969509,0.12396233714444894,3164.372413718778
2016-07-18,-0.0029596602368387064,0.12605158841115288,3342.298223373466
2016-07-19,-0.0001191186140277656,0.12293733966972593,3679.078853355468
2016-07-20,-0.0026494720189833873,0.12056713832436032,3944.965214211807
2016-07-21,0.0036462710488503786,0.11772129537300044,4268.873628522706
2016-07-22,-0.007614085750512779,0.11370518638320196,4700.731048438461
2016-07-25,0.0042954601738230515,0.10442530823568509,5344.689355129033
2016-07-26,0.011504902546283962,0.10837866585371832,5374.9462166867315
2016-07-27,-0.028107277488259703,0.15459108816783623,3827.2592144788696
2016-07-28,0.0023000908333598627,0.1546212695064862,3913.883701758641
2016-07-29,-0.004869943020216966,0.15624588316071517,3941.692121469712
2016-08-01,-0.010493392583857425,0.14555356253418353,4194.355141186985
2016-08-02,0.0076618796621395965,0.1467130990129286,4073.613767420537
2016-08-03,0.004231023438494449,0.14732629812111567,3925.5822441459227
2016-08-04,0.0018292725999209483,0.14732552204765784,3792.380927856217
2016-08-05,-0.0003017940434138891,0.146314244427019,3703.97406478756
2016-08-08,0.01221494292161506,0.15251098645730687,3470.7958573737124
2016-08-09,0.007029992064007918,0.14042568937882713,3614.7766284459863
2016-08-10,-0.0025757544268564104,0.13880179563290876,3479.2093128044658
2016-08-11,-0.006498979564412231,0.1404657918587958,3245.1898831346844
2016-08-12,0.016713204430878707,0.15332686897678607,2822.2939846604236
2016-08-15,0.02278762520281989,0.17222574314353012,2449.91055904478
2016-08-16,-0.0012443773164758237,0.172416529557108,2391.6036418272715
2016-08-17,0.0017801676014437464,0.17172054846067533,2370.465679940928
2016-08-18,0.00038760292489335095,0.1716238870816442,2319.222613869878
2016-08-19,0.0021365145866497834,0.16817262115298384,2346.6978788082642
2016-08-22,-0.007913578440715947,0.1715500921919523,2248.1285887922136
2016-08-23,0.0028203860345751455,0.16750665061183395,2211.9101857349847
2016-08-24,-0.001140715152373806,0.12807825737140638,2911.5402383921887
2016-08-25,-0.006134778356490764,0.1315675793982012,2870.5716742237755
2016-08-26,0.000696113593212299,0.12921970188839835,2987.886736240789
2016-08-29,0.0025376040020863556,0.1202077285540677,3357.5142923121784
2016-08-30,0.0014586472444717464,0.11892473328476043,3510.7863755607405
2016-08-31,0.0028879401314750265,0.1187669910962733,3622.5399220387103
2016-09-01,-0.007398760837031641,0.12383969259883987,3542.076514091552
2016-09-02,0.0005377151270078416,0.12366738183232308,3615.5262611842522
2016-09-05,0.0046488689324699186,0.11821855843325527,3745.733094154361
2016-09-06,0.009124416835244125,0.11970115001667295,3667.1048407264566
2016-09-07,0.0015879174470342192,0.11859876494334379,3724.5118042419463
2016-09-08,0.0029205332337311567,0.114292878355959,3935.1372818341383
2016-09-09,-0.006017025040100773,0.10477906072245101,4250.731621334664
2016-09-12,-0.022357590754736287,0.10466180777584004,3977.2515130339957
2016-09-13,0.00595399196844442,0.10746040985170553,3625.5538252427164
2016-09-14,-0.006397559678255335,0.10899378904962105,3315.3479338976367
2016-09-19,0.009209559689484023,0.11480864991228924,2927.208303469108
2016-09-20,0.0008392218223891122,0.11449916040881115,2686.31664111602
2016-09-21,0.002386025208602204,0.11158142723611902,2587.015065889866
2016-09-22,0.006197297103724064,0.11337976426292949,2398.077838382824
2016-09-23,-0.0026548898167861944,0.11372232949771431,2247.6632437004196
2016-09-26,-0.01747230879023256,0.12805365245371853,1843.0217502149246
2016-09-27,0.007248435441833548,0.13098851972711203,1674.4037349501373
2016-09-28,-0.002243378489587753,0.1307439999017866,1560.710244089831
2016-09-29,0.004852188331165083,0.1319596311419486,1448.950700645145
2016-09-30,0.0028743864464517515,0.13195528696502873,1350.240202050815
2016-10-10,0.014134539731873494,0.1385799222452776,1276.2563085218378
2016-10-11,0.0055723037961406515,0.1396170882437909,1265.6509473356457
2016-10-12,-0.0004185306707975418,0.13902782807667907,1248.0954525470802
2016-10-13,0.00257936962739466,0.13571111245570291,1247.0140698456514
2016-10-14,7.080408257830397e-05,0.13564770323166397,1218.279627271707
2016-10-17,-0.008322701673485075,0.13867431569437114,1118.874579548146
2016-10-18,0.01601334416449562,0.14813992439090232,1055.3974604944601
2016-10-19,0.000588699805091662,0.12008887212127332,1433.4952963792314
2016-10-20,0.0013484305561529894,0.11921291496439529,1548.3515360322265
2016-10-21,0.0008331789218751462,0.11530079853766896,1743.9601681015831
2016-10-24,0.011769965373282851,0.1177038149556081,1849.5945387618926
2016-10-25,0.002115799214395407,0.11757943257031447,1982.4810760215641
2016-10-26,-0.004526571303347425,0.12010300443196079,2045.8661115831426
2016-10-27,-0.0020666070634863813,0.11988019331713538,2133.1074488414606
2016-10-28,-0.006649208458293551,0.12257521770750611,2107.4760311644395
2016-10-31,8.734037379294086e-05,0.10055924555330198,2716.0837557055793
2016-11-01,0.007741467601811893,0.10089614619926077,2831.2577909154597
2016-11-02,-0.007724144797855705,0.1059322304172067,2774.2390788516723
2016-11-03,0.009740428865347128,0.10902697402272507,2797.576802138512
2016-11-04,-0.0020098380757704102,0.11005228120315205,2854.867370597181
2016-11-07,0.0041055226979737226,0.10080833699954862,3135.899695823261
2016-11-08,0.005369430694144283,0.1007032911377155,3145.0643743133483
2016-11-09,-0.006773446609502496,0.10478006123544431,3025.9494309153283
2016-11-10,0.014872447667242517,0.1154470446962413,2807.8486910274855
2016-11-11,0.00937201509843724,0.11825493747543993,2833.76046548808
2016-11-14,0.005979209503491391,0.1119538078806298,3154.7668931748185
2016-11-15,-0.0004242190309214891,0.10133112873403638,3589.694873409149
2016-11-16,-0.0014702155691505153,0.10202318180271386,3707.6606183955473
2016-11-17,0.002191696570086827,0.10198638833539615,3849.809499827134
2016-11-18,-0.005193644143448052,0.1051935577128575,3843.589304555998
2016-11-21,0.0078429217431865,0.10111413996961532,4071.3791377121597
2016-11-22,0.010046003384875714,0.10544599773542748,4010.548929456906
2016-11-23,-0.003291710322732445,0.1045153064779419,4151.613589328607
2016-11-24,-0.0009049935936037065,0.10398296111243358,4294.49205160789
2016-11-25,0.005882212770253996,0.0993362706359018,4695.448403161194
2016-11-28,0.004495807495124153,0.09898805036171661,4920.4811242722035
2016-11-29,-0.003878635203227242,0.10018038706974856,4996.818053000198
2016-11-30,-0.00934741967771708,0.10249751341752918,5029.31387775994
2016-12-01,0.007714907884155213,0.10079327793174883,5235.415272673139
2016-12-02,-0.011863861756450201,0.11176196035059419,4797.689347830219
2016-12-05,-0.010639881639872955,0.11959755880689585,4473.963950473326
2016-12-06,-0.00048044898776319173,0.11856039086963255,4470.87060677391
2016-12-07,0.010181842369102275,0.119643949267133,4477.74837993559
2016-12-08,-0.0030388204310276743,0.10967753012797507,4846.109615279939
2016-12-09,0.005790192406466096,0.10659705202600521,4913.267518932553
2016-12-12,-0.03367327659150112,0.15934059526587344,3115.012838829934
2016-12-13,0.0023839154849790672,0.15990355738457304,2933.09505432293
2016-12-14,-0.002685341044434164,0.15997255522027234,2728.500310979306
2016-12-15,-0.002492024169920611,0.15943173469901145,2524.8193786091283
2016-12-16,0.004603661972803638,0.16034010798983045,2326.654289291472
2016-12-19,0.002890820408063264,0.1575890014026602,2165.8871936619803
2016-12-20,-0.0057135252666566366,0.15222461407192836,1969.4154051745072
2016-12-21,0.010652888895992762,0.15880754193634627,1676.215521132905
2016-12-22,0.000730393854738898,0.1589956301578217,1477.9745818595254
2016-12-23,-0.010026618977710242,0.15932725926010372,1218.8226143377235
2016-12-26,0.005114310249292075,0.15968774350896825,930.5619208338807
2016-12-27,0.00034371802393754717,0.15979846471939188,673.4722609651616
2016-12-28,-0.002896891531665993,0.15747637292304253,454.67455638561773
2016-12-29,-0.0013838534611431068,0.1535590830717419,197.91079363114667
2016-12-30,0.0027970831177124137,0.14998482229765214,-1.6134965944749293
2017-01-03,0.012164342206835595,0.15311657472447313,-93.44949553903979
2017-01-04,0.008770722193082845,0.1564073996207425,-144.40386700436733
2017-01-05,0.0028586517614163096,0.1523316910657213,-242.25425282043892
2017-01-06,-0.001521835501890725,0.15204377853106207,-323.4002763878615
2017-01-09,0.007279638025958916,0.15289402964996446,-406.1723893045852
2017-01-10,-0.0029516137580790996,0.0884265619620469,-614.868038067588
2017-01-11,-0.008540067974183503,0.09528919143946528,-511.5935248994359
2017-01-12,-0.006203235265863842,0.09787666009097998,-450.1805295124413
2017-01-13,-0.007484416026442681,0.10165136616101697,-401.9555749857027
2017-01-16,-0.018395395160928883,0.12058011389323206,-408.5872737159805
2017-01-17,0.0050043965652259445,0.12161498645899987,-449.41281436361646
2017-01-18,0.0021166410735696333,0.12030641971121607,-453.482311785973
2017-01-19,-0.0039056216201962617,0.11401709762936642,-568.5126881354068
2017-01-20,0.010685477934254953,0.12105556883752315,-587.3266909520869
2017-01-23,0.006855693904226503,0.11787149054989285,-582.300829033911
2017-01-24,0.002705080673454152,0.11693670861414743,-585.5019136256398
2017-01-25,0.0019647906381042714,0.11706512313497128,-562.1956244313528
2017-01-26,0.00398386215890311,0.11696801625489552,-521.6910452998435
2017-02-03,-0.006436225687186136,0.11958760488564286,-468.70799628660984
2017-02-06,0.007208987010301137,0.12167602789589334,-411.68613242530586
2017-02-07,0.0006267299104239729,0.11404696057439678,-451.4149236481794
2017-02-08,0.005926778862865412,0.11164405814899324,-493.09386377316616
2017-02-09,0.007826282543764223,0.11463117660105118,-510.2727582587746
2017-02-10,0.006408850471990529,0.11636874231993921,-466.0773353055087
2017-02-13,0.004996348076261,0.11493872964753392,-439.9488912200135
2017-02-14,0.0010134471733185882,0.11416384396467273,-375.1946779220393
2017-02-15,-0.005981698383920118,0.11171741962560201,-286.25795428479984
2017-02-16,0.007885861985023765,0.11095079439454678,-118.98067131503062
2017-02-17,-0.008799071499794574,0.11247404152493047,63.26052278551196
2017-02-20,0.014343868403009594,0.09383072294194877,491.0829334137635
2017-02-21,0.004881947470614872,0.09380086619784242,915.3504668664152
2017-02-22,0.005631300217400958,0.09408405630554403,1375.3570131631443
2017-02-23,-0.0065467879771195425,0.0972158318919109,1765.2268839380379
2017-02-24,-0.0008859935784140463,0.09411972082251535,2185.369139812926
2017-02-27,-0.00931423599338813,0.10179460786600446,2276.887137660842
2017-02-28,0.003825851883986504,0.10199380693778408,2538.619821867631
2017-03-01,0.0025864023610237714,0.10202064111989187,2793.5605011382777
2017-03-02,-0.007650605714475228,0.10718621369812574,2819.477955605295
2017-03-03,-0.0026363435529350443,0.10432271033429855,3111.343947000766
2017-03-06,0.0069581158548044295,0.10414642511429853,3287.273979472644
2017-03-07,0.0015384910372739627,0.10408892876006136,3438.3163601544134
2017-03-08,-0.002883728543532818,0.10393012438950358,3537.3879212233123
2017-03-09,-0.008399327103281694,0.10606335712586125,3489.1739242314256
2017-03-10,-0.0012617199922485634,0.10371936197072695,3533.5816415528125
2017-03-13,0.0077139697129538646,0.10589361440355556,3441.4838771848968
2017-03-14,9.662743056125307e-05,0.10583882897033334,3341.6201795449015
2017-03-15,0.00012383277420288267,0.10341104206031615,3364.3441396752464
2017-03-16,0.008077155938704351,0.10359773748542228,3279.193235738413
2017-03-17,-0.009002870796168594,0.10383921649891226,3206.4844531721005
2017-03-20,0.0047244118169006534,0.09154350218349289,3485.348412391554
2017-03-21,0.0013715597594918525,0.0898309595535795,3371.8442005435654
2017-03-22,-0.006584359100135991,0.08960422047906577,3102.160424816225
2017-03-23,0.0019439606548190484,0.08756228417126852,2984.877212150481
2017-03-24,0.007082194093536052,0.0915530499777334,2720.524694632331
2017-03-27,-0.0010545406514303527,0.08496671992980702,2833.887984208217
2017-03-28,-0.0034035896108398946,0.08489512767154946,2699.8526254663425
2017-03-29,-9.42763729525593e-05,0.0843294944919851,2558.373373788428
2017-03-30,-0.011337709190148197,0.08952479127919652,2253.0742280196964
2017-03-31,0.0011353929774980218,0.08924868239530377,2126.938963190652
2017-04-05,0.018544847463851075,0.10883726475902138,1677.6928417329414
2017-04-06,0.0029036214220839506,0.10913138934930096,1636.0004308984296
2017-04-07,0.0021539596449354124,0.10853243539421546,1656.3727333096099
2017-04-10,-0.0027946775929679436,0.10400398434672113,1792.7582406690376
2017-04-11,0.008066500433855792,0.10653356198564994,1855.9034009079005
2017-04-12,-0.004513180199427694,0.10588804050513367,1915.4980332599791
2017-04-13,0.0032974806745046056,0.10618634721523285,1966.3968624588526
2017-04-14,-0.013250941251390369,0.11769317611156782,1750.8222663478582
2017-04-17,-0.00974724205426528,0.11919548066205204,1603.1843847765085
2017-04-18,-0.011295532724902961,0.12161085601138699,1443.1853023349306
2017-04-19,-0.014898987086351482,0.12979773437081182,1117.1805170784874
2017-04-20,-0.0045367496006936915,0.12968364634834342,867.4956570685373
2017-04-21,0.0010699022502986713,0.12887529137907938,666.0702690285949
2017-04-24,-0.023747401366148793,0.15017826741235737,304.37604224820507
2017-04-25,0.0018487575393783674,0.1467099390811915,25.243688486231655
2017-04-26,0.0033545326028419247,0.1483440521155424,-231.5652892276162
2017-04-27,0.003829699351681137,0.1502042952898317,-449.16491815241636
2017-04-28,0.00585223122399092,0.1529262870955919,-636.2727767823898
2017-05-02,-0.0007395896713737745,0.14910978508258496,-792.9057099406151
2017-05-03,-0.004072920038732834,0.1489545941412019,-962.8582958019514
2017-05-04,-0.0010839282875100519,0.12798169693296546,-1414.7986600628767
2017-05-05,-0.010087291565541966,0.12845450107304796,-1754.8522222547883
2017-05-08,-0.013372720394419054,0.1310831468130626,-2106.352647507688
2017-05-09,0.0031950073165519896,0.1337181204501385,-2403.3080352274756
2017-05-10,-0.014926755332194726,0.13098460335128798,-2885.010835865406
2017-05-11,-0.0005348660376772356,0.13201494742282638,-3257.656361865687
2017-05-12,0.005548231363879622,0.13411455710600792,-3593.4851299231373
2017-05-15,0.00305387885944699,0.13310080858477824,-3936.980841101084
2017-05-16,0.012965977290994498,0.1441951978488548,-3821.5442785476394
2017-05-17,0.0002754995254032019,0.14110717171717643,-4052.7198325506683
2017-05-18,-0.005134139749790866,0.13364977556271818,-4345.823484460491
2017-05-19,0.0008665987053766239,0.13359183698810323,-4378.503556212227
2017-05-22,-0.008965876836253647,0.1356730988809709,-4367.160266505634
2017-05-23,-0.013399012216901629,0.11752653507473297,-5029.163552646388
2017-05-24,0.0044525584233643025,0.11888851992318557,-4955.196686615584
2017-05-25,0.017177259192350143,0.13528554658375,-4316.728687927309
2017-05-26,0.0012802151173482927,0.1344396554081878,-4314.350788629044
2017-05-31,0.0004527296628311727,0.13219971120876603,-4382.156572327814
2017-06-01,-0.012595144351098828,0.1382675158926597,-4236.201078890536
2017-06-02,0.00638856759649775,0.14089336628476237,-4166.335261048306
2017-06-05,-0.0005526719492480799,0.14091289795449535,-4159.143758361009
2017-06-06,0.0033121871338666225,0.13768904014975883,-4184.896145013503
2017-06-07,0.01591777682154227,0.1406642632109861,-3913.5088100354183
2017-06-08,0.0012564475120939468,0.14041997902093123,-3763.188379728819
2017-06-09,0.0010804986790565747,0.12747816064862863,-3890.7448732892917
2017-06-12,-0.00905541671059848,0.13288162886278088,-3503.14414403137
2017-06-13,0.007626421019758106,0.1339804081697878,-3248.418973679035
2017-06-14,-0.0049816618530341555,0.1356274128373052,-3017.903913650517
2017-06-15,0.003742691572344604,0.12852671600291005,-3023.329925101848
2017-06-16,-0.001689763849526987,0.12875269880033127,-2881.772603271033
2017-06-19,0.007164710643165998,0.12919385200575267,-2673.9185183359114
2017-06-20,0.0004987648548282353,0.1292045034435819,-2475.899251244132
2017-06-21,0.0029106697373434487,0.12387656166753824,-2328.498058474289
2017-06-22,-0.007334119482112832,0.11577555557419353,-2166.8232592146987
2017-06-23,0.0025881943687909134,0.11540882380172564,-1848.555939129819
2017-06-26,0.010803219375139311,0.10594464974841901,-1724.6741617806522
2017-06-27,0.0016231508131010143,0.10594475251791864,-1444.646035118938
2017-06-28,-0.005500154160984589,0.1087635655751292,-1161.3677735927658
2017-06-29,0.005933536136188775,0.09692531259191288,-938.0418547918733
2017-06-30,0.0007078055752946787,0.09567067098761613,-619.594274693332
2017-07-03,0.006048341146751185,0.09638199966752999,-205.74899948543714
2017-07-04,-0.002693615647206094,0.09775508089171772,171.69099052006473
2017-07-05,0.00849063220586599,0.08646427370849542,543.141477041271
2017-07-06,0.001992713045395848,0.08648066596227962,884.8702286825816
2017-07-07,0.004330357816327307,0.08704024747283817,1257.1789470246308
2017-07-10,0.001394881034327936,0.07734045951323071,1915.9225878142404
2017-07-11,-0.004028969161005822,0.07752558175717537,2328.338972014587
2017-07-12,-0.0016448884008981625,0.07461863540774027,2844.1018632992536
2017-07-13,0.009512673546974755,0.07930847960274143,3070.653157810807
2017-07-14,0.0009012344634066156,0.07821136699052736,3499.555250493831
2017-07-17,-0.028837753577794757,0.133015507733208,2116.3685207138683
2017-07-18,0.007844912394363473,0.13562926221646146,2149.9723724905375
2017-07-19,0.01736853768174345,0.14784079269973605,2084.802358705728
2017-07-20,0.004718990601948075,0.14446761837117453,2261.41911257894
2017-07-21,0.00013795266598250398,0.1446145168908096,2377.8352781805265
2017-07-24,0.007154253879406384,0.14221354706264167,2515.1917009409726
2017-07-25,-0.00035506826236597237,0.14241436133245358,2605.6957776451136
2017-07-26,0.004291208396991939,0.14009473573126954,2797.026345217647
2017-07-27,0.003514989736581705,0.13949323494135868,2938.965703287881
2017-07-28,0.001128164378750193,0.13944786438515464,3063.3802476419223
2017-07-31,0.008684479555502292,0.14075481111462732,3155.412568017335
2017-08-01,0.0034798805626799854,0.13961204086557047,3312.0937406245007
2017-08-02,-0.003609816539254793,0.13933707518375893,3371.1582700717217
2017-08-03,-0.0007384104409837602,0.1396495993043515,3408.3616115216496
2017-08-04,-0.0022070879336122382,0.13998281234461832,3390.4900564857003
2017-08-07,0.0057801596353448175,0.14082886140220488,3372.82070784791
2017-08-08,0.0018304298812171738,0.13921905166691384,3451.049461842546
2017-08-09,-0.0018591508784389788,0.13929444298579172,3495.2124164517386
2017-08-10,-0.007027986928567146,0.13973656791503858,3477.0163643116484
2017-08-11,-0.02049369161052606,0.1594125044810931,2974.8272772598584
2017-08-14,0.011805774434908083,0.1228503140159569,3971.1145272554795
2017-08-15,0.005651001660333632,0.1217247254574921,4098.555146663457
2017-08-16,0.00040878248821633184,0.1072861898780955,4619.4901744869185
2017-08-17,0.007656313853984279,0.10908651411141607,4488.738478096497
2017-08-18,-0.0010680667502327393,0.10933499538179303,4427.5272064197425
2017-08-21,0.006882539058144266,0.10914286530759437,4403.566206355493
2017-08-22,-0.0027585434002546237,0.1099241215941988,4333.228470924351
2017-08-23,-0.0009619477344785739,0.10946145778461053,4280.081861525027
2017-08-24,-0.004644498656686736,0.11060789797974432,4094.636774939939
2017-08-25,0.016630230755879813,0.12475080283113014,3577.088536021111
2017-08-28,0.008276027146647212,0.12443258968102999,3513.5985499249127
2017-08-29,0.000312138560643951,0.12415419027312151,3435.094155059407
2017-08-30,0.0009743969809978367,0.12296061792717955,3437.0896453770056
2017-08-31,-0.0013284231819797245,0.12310316206139021,3403.1497890450623
2017-09-01,0.002783671934891615,0.1225483997852996,3415.51855484564
2017-09-04,0.004232202662868016,0.12194338475851504,3394.5547831047593
2017-09-05,0.0022877422363398927,0.1219773318963213,3368.6013098667413
2017-09-06,0.0015932613418945833,0.12137250201869858,3368.950900732082
2017-09-07,-0.006279527872947283,0.12069725393023231,3395.2001391034787
2017-09-08,0.0015018658962510554,0.08817108156910826,4833.098249634042
2017-09-11,0.005529028110160806,0.08218315913435563,5333.813779901538
2017-09-12,0.000206995678410752,0.08158248296266525,5474.302208613194
2017-09-13,0.002010801625032426,0.08133678119097368,5609.774487248046
2017-09-14,-0.0029050714344343773,0.08056181476838314,5673.210912399104
2017-09-15,-0.005765261407319425,0.08431244925704628,5411.401329464655
2017-09-18,0.003915300746196733,0.08240308847165757,5519.742545690835
2017-09-19,-0.002431856489782403,0.08219861315394747,5531.046277895726
2017-09-20,0.005073888199151953,0.08278884748890651,5513.7418526632155
2017-09-21,-0.00431544955846571,0.08246735399626366,5589.5795244530145
2017-09-22,-0.0022288606564153626,0.06140638490414497,7360.285102363857
2017-09-25,-0.008145234555804806,0.062098428258073414,6988.35454465654
2017-09-26,0.0015709221983925224,0.06238249025847438,6666.651677580881
2017-09-27,0.0018524168394818672,0.06265768530281117,6384.247434826938
2017-09-28,-0.004652279791232959,0.0646421466419455,5929.418394107319
2017-09-29,0.00436177744914119,0.0658424872248147,5584.352629499335
2017-10-09,0.009796345422062647,0.07327398095058062,4833.737188450906
2017-10-10,0.0064217559756916355,0.07628213085607392,4473.760711324267
2017-10-11,0.0007903383484124124,0.07616248961268167,4295.204918636561
2017-10-12,-0.002819887700901712,0.07311846292404252,4358.253997548815
2017-10-13,0.002181486975949361,0.07328301571779162,4235.599435417923
2017-10-16,-0.009973692979867724,0.0796223582601848,3589.835479786319
2017-10-17,-0.0018554613696350859,0.07980077049238038,3283.307897697778
2017-10-18,-0.0015287357987774993,0.0793965241582747,3022.972385057322
2017-10-19,-0.008630701547449798,0.08412585972369188,2579.6586294961153
2017-10-20,0.0067924747386169425,0.08611934047044552,2344.935902088524
2017-10-23,0.000821905861611538,0.08485364373209056,2192.282599601744
2017-10-24,-0.0008415144096318415,0.08452225994626976,2028.5583163811386
2017-10-25,0.002464394035542281,0.08282604479476745,1874.9094408422288
2017-10-26,4.564006938084794e-05,0.08152596098736857,1758.2231671644142
2017-10-27,-0.0022865194471169575,0.0815454453144205,1621.3576714621777
2017-10-30,-0.015564155205952527,0.09439470143339211,1288.117851464318
2017-10-31,0.001272222607550874,0.09431149316703066,1179.8986132360453
2017-11-01,-0.0018637800840523562,0.09396864520759914,1039.855721208515
2017-11-02,-0.008694515029224406,0.09723190707768835,855.3622211024814
2017-11-03,-0.006676565462054351,0.09712027622885509,632.6021958095132
2017-11-06,0.0028083379570868015,0.0891756374658177,392.6483472584029
2017-11-07,0.007459916124372738,0.09051991594879956,86.0399974049816
2017-11-08,0.0025213766920259835,0.09138260887653099,-210.71478373615847
2017-11-09,0.0019908711229526315,0.09220533543201083,-486.53366738281636
2017-11-10,-0.004681144462981893,0.09181003642137761,-866.2197485867584
2017-11-13,0.0012190204709643991,0.08710349748971888,-1182.4381680214103
2017-11-14,-0.005629093488446509,0.08846422022945373,-1429.3895656950942
2017-11-15,-0.004426240150032629,0.08909405944041723,-1692.8962598327735
2017-11-16,-0.003944038176604068,0.08567273940835461,-1968.733981172134
2017-11-17,-0.013853883169502031,0.09080558207054851,-2188.5548825137503
2017-11-20,0.0015059304842547855,0.09115854577885336,-2489.9201502253027
2017-11-21,0.0014359881280873905,0.09201573223837915,-2766.5740101251486
2017-11-22,0.007039205047248557,0.09644726419339446,-2911.8762709210696
2017-11-23,-0.017813762637835063,0.11110456875457267,-2852.96698614495
2017-11-24,0.0024550289151134305,0.11272000773488014,-3069.6443363201083
2017-11-27,-0.0076096616473334475,0.10384004939790172,-3513.0311998937127
2017-11-28,0.004712957830248634,0.1060924532923846,-3602.4130036850015
2017-11-29,0.004081683377061483,0.10834482961150291,-3654.622942505067
2017-11-30,-0.0041687972328518,0.10568622338473484,-3837.445919420039
2017-12-01,0.0019106134624486135,0.10458231653181949,-3906.707305299465
2017-12-04,-0.005803212161989985,0.10472731908765853,-3966.2700902871034
2017-12-05,-0.00990590902066299,0.10297296223729946,-4194.251487149655
2017-12-06,0.0011490066561314505,0.10220690489245321,-4396.441386611692
2017-12-07,-0.004940271352365271,0.10110786285964263,-4670.782469103425
2017-12-08,0.004750496039462962,0.10434965420247842,-4686.214219593629
2017-12-11,0.00692687150213237,0.10883957385405019,-4611.755469321165
2017-12-12,-0.011844153433584678,0.11363767306425081,-4543.025384209003
2017-12-13,0.006289715002819861,0.11742782651065485,-4460.409276323783
2017-12-14,-0.0012393764955152809,0.11718991437731291,-4520.10598478499
2017-12-15,-0.004870182798801814,0.10892675586991037,-4858.908745053951
2017-12-18,-0.0006137884382365054,0.10846222641442121,-4879.164087762398
2017-12-19,0.007625146147362402,0.11275095758902058,-4675.745950246973
2017-12-20,-0.006266448852153657,0.10987755972531818,-4842.000204561098
2017-12-21,0.0006270095086294984,0.09221862462589342,-5689.383991521278
2017-12-22,-0.0008274261649790706,0.09139705224582605,-5689.999336826723
2017-12-25,-0.006579040730402575,0.09047722024425905,-5693.335463622978
2017-12-26,0.008153865785473087,0.09408573626539639,-5413.482640591572
2017-12-27,-0.004138071357533578,0.09297313926635932,-5463.864839621212
2017-12-28,0.0031123625098800948,0.09346826876991816,-5385.160903169107
2017-12-29,0.007060954947337931,0.09718109861857706,-5099.8068593412
2018-01-02,0.012507675506951858,0.10547646220576354,-4504.864466725563
2018-01-03,0.007496695191995962,0.10103116130246796,-4377.985903535261
2018-01-04,0.00260724450191874,0.10115028151350247,-4041.6315263748697
2018-01-05,0.005012923939616734,0.09916737138562523,-3731.739867282366
2018-01-08,0.0033469896504791574,0.09873578156234498,-3367.521156688144
2018-01-09,-0.0020646189483678294,0.09759814133273083,-3109.3898154481885
2018-01-10,0.00016475698889964325,0.08464627067805619,-3146.9332852217526
2018-01-11,0.0029021838860865106,0.08314120231622124,-2799.1656785867563
2018-01-12,-9.667149242966704e-05,0.08270299904768884,-2423.5316208757686
2018-01-15,-0.012963909386720724,0.09533235573753339,-1775.852126562053
2018-01-16,0.008455276818821432,0.09824123280180873,-1357.6851884152265
2018-01-17,0.004942567062767116,0.0965815105491025,-1042.4700624468533
2018-01-18,0.011164583207122615,0.0973933457597797,-588.8372854012442
2018-01-19,0.003845789183940639,0.09722297364904037,-128.84471844981948
2018-01-22,0.0035160095563813764,0.09634831376439906,353.5488271920362
2018-01-23,0.012823092576561342,0.09558299331417343,919.2273327452978
2018-01-24,0.0049206376939443675,0.09435224444291058,1470.1187112080727
2018-01-25,-0.0012461613360087102,0.09167379770505013,2087.737588325014
2018-01-26,0.0010871356158704062,0.09217785753426143,2606.3236851001448
2018-01-29,-0.007720929450781325,0.09980544383583234,2790.133376472421
2018-01-30,-0.007554635017975512,0.09995725652769182,3046.8506631027726
2018-01-31,-0.012657174384920781,0.11039839062749268,2904.9487482909276
2018-02-01,-0.025037386584648304,0.14372273603026067,2249.2880546420142
2018-02-02,-0.001667290681836017,0.1423614119347066,2260.8256616684143
2018-02-05,0.00852586935411917,0.14546331015640232,2206.332989775407
2018-02-06,-0.0429121720397803,0.2096445282987806,1437.3942204867294
2018-02-07,-0.010355224352565896,0.21120727211935045,1303.9276405424862
2018-02-08,-0.00639004268000285,0.21033614519242097,1156.5566462393913
2018-02-09,-0.03583950539784525,0.23904779662802791,811.6905324806611
2018-02-12,0.010207970667533048,0.24324828169798252,639.2206853341262
2018-02-13,0.006388496095959153,0.24194113785271565,471.13594520688184
2018-02-14,0.0032445319434173947,0.2411641197963841,292.968539680178
2018-02-22,0.017871070851531595,0.247941346068384,116.5571365631055
2018-02-23,0.00551619998002318,0.24870743408589285,-70.45627753108312
2018-02-26,0.012945955459319826,0.2546013959134143,-235.50014897427462
2018-02-27,-0.009236835734442892,0.24792074767235733,-477.05433198745754
2018-02-28,-0.0037594636457871176,0.2454505311788717,-737.2680452724646
2018-03-01,0.007074308718250231,0.24885982889009398,-958.0580671859327
2018-03-02,-0.004634825833660404,0.2479791864907444,-1209.296383204842
2018-03-05,0.00014419998626025908,0.24832160839779685,-1429.2372793891293
2018-03-06,0.009232015729243263,0.2526109242759381,-1588.607068954951
2018-03-07,-0.004104573598947793,0.2503430534838765,-1767.471983646758
2018-03-08,0.004143665126077534,0.23759300800127314,-1948.6726646329553
2018-03-09,0.00820656668103462,0.24017129881979593,-1996.9247048118489
2018-03-12,0.008865291357193654,0.24035630142037473,-2068.169201566277
2018-03-13,-0.001203903813540776,0.18304994989280818,-2637.2082244000735
2018-03-14,-0.008502725567490328,0.18164984642462864,-2576.443136131096
2018-03-15,-0.0020961954820162766,0.1799619125851182,-2491.3679060910813
2018-03-16,-0.003312146527245107,0.1172121205150043,-3465.9455997243
2018-03-19,3.546695437841564e-05,0.11426687624933494,-3256.5999195428863
2018-03-20,0.0038838134496894995,0.11343297139955405,-3002.829152147849
2018-03-21,-0.0028976267181634215,0.11478130825858168,-2708.3794221354865
2018-03-22,0.0007919316887623395,0.09807317479945867,-3002.723907621386
2018-03-23,-0.04410004418801766,0.18645251339867902,-1620.1846491286917
2018-03-26,-0.004169649656337882,0.17869093094378627,-1795.3783756057308
2018-03-27,0.014807949978996827,0.18649196601644352,-1758.4385733686404
2018-03-28,-0.007903337486307527,0.18785678105347847,-1778.4266190789913
2018-03-29,0.014822422046249924,0.19433239050313103,-1746.5693656175679
2018-03-30,0.004336531880357419,0.19465428501276832,-1740.3872373583201
2018-04-02,-0.0023919450732733344,0.19475957298941493,-1733.691416638861
2018-04-03,-0.010074665405472078,0.19391738312634274,-1777.0222269113729
2018-04-04,-0.004078920500858055,0.19391291027987376,-1798.1680513006684
2018-04-09,0.0018310713571327594,0.1931859868066779,-1833.5879628498787
2018-04-10,0.01434082355268556,0.19849439934312546,-1802.4446425221383
2018-04-11,0.006864595181818799,0.19725182597165292,-1843.5798918903872
2018-04-12,-0.010118081400728961,0.19962746162151374,-1872.6690387690614
2018-04-13,-0.004755965745906261,0.19842235437364922,-1915.6485729637986
2018-04-16,-0.01677729765671259,0.2055185613205915,-1906.2836181279517
2018-04-17,-0.014436715633108464,0.20988951863885752,-1941.8144490638938
2018-04-18,0.010269050988552674,0.214934933863906,-1963.332153971119
2018-04-19,0.005810756593020531,0.21579966231676778,-2013.3573364705574
2018-04-20,-0.017693726984919333,0.22254574588720455,-2029.2404670913033
2018-04-23,-0.0015779912052941022,0.22215027477521734,-2103.092154500993
2018-04-24,0.01805987460851941,0.17515239748712458,-2531.174792317209
2018-04-25,-0.0018807441760447638,0.17464196702783888,-2385.6283825921378
2018-04-26,-0.014456300247136827,0.17255201571216686,-2336.399828979656
2018-04-27,0.004074042906581132,0.17188459429131292,-2217.9697657325173
2018-05-02,-0.0033456399091872347,0.16164834631372932,-2296.5726228102803
2018-05-03,0.006319911483582194,0.1627962243491327,-2218.3960435438976
2018-05-04,-0.002950231920985489,0.16283971220409577,-2165.8322483275074
2018-05-07,0.0142139431186101,0.1690350309838436,-1969.2466391684334
2018-05-08,0.007004707406152103,0.17050720780946022,-1819.7881719272566
2018-05-09,0.00012428467383728903,0.17037697625509182,-1731.6864431157642
2018-05-10,0.004145481376617715,0.1626262715307594,-1771.8108967744502
2018-05-11,-0.004605191135010364,0.16077125751072263,-1779.0514160421849
2018-05-14,-0.003514745228739873,0.15755070503894747,-1832.7179172484266
2018-05-15,0.005469807366084609,0.1583234814179307,-1819.9458733859879
2018-05-16,-0.007797405296968394,0.14884355398366775,-1888.8322166161809
2018-05-17,-0.0008498988850650581,0.13863264402030026,-1969.0095498721623
2018-05-18,0.013694385364634517,0.14220932338552292,-1850.5584612988655
2018-05-21,0.007214603112534565,0.14292310501181232,-1766.909322644484
2018-05-22,-0.0013667099081401462,0.12511567141045485,-1837.987179444455
2018-05-23,-0.01393137116877532,0.13680671882704293,-1524.8666278133287
2018-05-24,-0.003956934992717842,0.12257488877381838,-1630.3053749348476
2018-05-25,-0.006081706191111163,0.124405159728593,-1523.2862292857976
2018-05-28,-0.007484362316006439,0.11584929665308596,-1510.7759683465636
2018-05-29,-0.004738432053574035,0.11628305264581719,-1429.4530706289072
2018-05-30,-0.03236981785631574,0.1631505221504052,-1027.5797126294892
2018-05-31,0.016147123112053706,0.17289431514106363,-968.1530970529386
2018-06-01,-0.004029501918534236,0.17309135588355368,-964.1007151868779
2018-06-04,0.001697683120750978,0.16382396382447448,-1056.0298747584877
2018-06-05,0.0069174957971405516,0.1637623504365941,-1110.258246265196
2018-06-06,-0.0017454999103391734,0.16361055835032856,-1164.4226097279336
2018-06-07,-0.0026626208139272182,0.16207408915175509,-1241.7695371295395
2018-06-08,-0.01566061090925844,0.1688592843076719,-1264.5529138388115
2018-06-11,-0.004107335367431186,0.16890786134943125,-1334.8372195274442
2018-06-12,0.006345122430418679,0.16950256190938737,-1418.3315616306265
2018-06-13,-0.011958090714687087,0.17177777398769858,-1488.3852204203542
2018-06-14,-0.0018761775803825289,0.1716502337781159,-1584.2312630822375
2018-06-15,-0.010176589867410572,0.16147457538521862,-1868.9485075078321
2018-06-19,-0.0525596970590814,0.2302357347432024,-1551.306390665374
2018-06-20,0.003984408605131687,0.23279700180150012,-1764.1822281007007
2018-06-21,-0.0146728190906104,0.23310817273550247,-1974.7820418791416
2018-06-22,0.008954486451806413,0.23971817536131437,-2143.811161691884
2018-06-25,-0.008761543916772443,0.23987392463781537,-2367.0225967966276
2018-06-26,-0.0007067912775700759,0.24068680581728985,-2549.3060629136367
2018-06-27,-0.005399920405992287,0.24064866268201948,-2743.1698946897563
2018-06-28,-0.007548308509048887,0.21999810508798892,-3114.2101567616605
2018-06-29,0.021485928293803636,0.22745920669783434,-3126.3986935967555
2018-07-02,-0.02259566772194594,0.23619514688693297,-3149.6399332150086
2018-07-03,0.011216456301347195,0.2424054644478143,-3200.259951924508
2018-07-04,-0.011523074753161956,0.23911956077233193,-3418.951440133554
2018-07-05,-0.015580292074653153,0.24089221967821836,-3585.6506054331307
2018-07-06,0.0038759552809633675,0.24344671353554656,-3711.161894714783
2018-07-09,0.023839472390034123,0.2630281636200675,-3506.0668813602856
2018-07-10,0.003901242485564446,0.26467265915128146,-3548.078355900655
2018-07-11,-0.022525710299137323,0.26951939181530477,-3598.6767413430703
2018-07-12,0.023455153781531676,0.28689931115712297,-3442.784494728401
2018-07-13,-0.00022890089240375845,0.2870947244374252,-3509.8723437287063
2018-07-16,-0.005781249290643653,0.28617737959868567,-3568.249645605544
2018-07-17,-0.0008321508177598607,0.21931911321461942,-4566.119745128439
2018-07-18,-0.0015164811699433817,0.21860483811456202,-4522.516557853544
2018-07-19,-0.008301279685661552,0.2144683660449717,-4526.085522855721
2018-07-20,0.022868506025428538,0.2280569219395431,-4144.034123714092
2018-07-23,0.01599160162913141,0.23237667254495248,-3908.607334460241
2018-07-24,0.018095144816306103,0.2397911971353845,-3615.202908570031
2018-07-25,0.001825967903325232,0.23814189145409587,-3446.2038366659845
2018-07-26,0.005661707220395984,0.23534467473403142,-3265.2718154842173
2018-07-27,-0.004565136463241399,0.22644834221934987,-3220.9840569001663
2018-07-30,-0.004763224496477901,0.20908237400348542,-3250.472466840609
2018-07-31,0.005248407031661809,0.20694152156267162,-3049.5555551211405
2018-08-01,-0.017132904760083563,0.21284198023579035,-2730.753582334254
2018-08-02,-0.022371255785493805,0.22154352346375872,-2398.166847880104
2018-08-03,-0.0034861998614637017,0.22218534541003815,-2178.5460202459
2018-08-06,-0.00893593116660807,0.20845282086701608,-2183.8154941084354
2018-08-07,0.028086382716536584,0.2311584405314728,-1809.804128450327
2018-08-08,-0.00756116791588715,0.21656749589236277,-1708.9383541837879
2018-08-09,0.015293193895678289,0.20748432420270857,-1596.1655638609934
2018-08-10,-0.0012865830093609714,0.20762700525598907,-1410.3929607115538
2018-08-13,-0.005411872530054892,0.20746335981162703,-1205.8233651176288
2018-08-14,0.0003522786510916914,0.20734104365004213,-989.7188213236363
2018-08-15,-0.017237665255770068,0.21753761926715642,-765.6943837781562
2018-08-16,-0.007924059395135572,0.21733650189409306,-595.2712293570909
2018-08-17,-0.013442154815304275,0.20599764017575958,-542.6882555771848
2018-08-20,0.009764134249592372,0.20021829904930502,-506.3198542858252
2018-08-21,0.008199632783375297,0.19021135402592557,-528.1230477246277
2018-08-22,-0.007294587605439131,0.19054302060186717,-548.8707992014166
2018-08-23,0.0033188528399790648,0.18939979598263618,-622.8297803665424
2018-08-24,0.002481508458940264,0.1900596393781594,-652.6924938186345
2018-08-27,0.016193535083411478,0.20058505741047922,-606.4143971489707
2018-08-28,0.00149266535750809,0.19943399555732155,-609.1998825332936
2018-08-29,-0.00357164481738868,0.19081878548433984,-580.4966549048489
2018-08-30,-0.013379411210601154,0.17959304312246158,-513.8896161866677
2018-08-31,-0.002992963108302428,0.17948247557896993,-409.5293041631438
2018-09-03,-0.0011070753068723779,0.1765517820872698,-301.69430201695184
2018-09-04,0.010541075719950851,0.14855972756617447,-312.7743125805698
2018-09-05,-0.014293552880374117,0.1544998735662763,-254.9851061837126
2018-09-06,-0.0031737260759192912,0.14205040159389118,-319.29629313078135
2018-09-07,0.004496687472932423,0.14387411562298016,-341.7825816252195
2018-09-10,-0.012094910853958,0.14808615551734955,-382.00622560362973
2018-09-11,0.0006366133760999358,0.1481490665026216,-504.04637547059843
2018-09-12,0.0003112768221930697,0.13682461699644197,-595.856470297679
2018-09-13,0.012364639312543273,0.14223421223575594,-574.948404099753
2018-09-14,-0.003424663794509604,0.13395381087874328,-550.3650811900792
2018-09-17,-0.011222627586338015,0.13525243770282974,-572.8374880525099
2018-09-18,0.017344050291776974,0.14658661614043275,-541.9378346057746
2018-09-19,0.010304253531699581,0.148537903464289,-498.74026497985636
2018-09-20,0.00033606698860441365,0.14822040977428005,-485.8732575561241
2018-09-21,0.019068510650269387,0.16211242922114347,-367.26774715989484
2018-09-25,-0.006300688021972211,0.15434917970548637,-412.6973665914118
2018-09-26,0.004516774690725584,0.1550394853962654,-417.60437027500024
2018-09-27,-0.008946010862929963,0.15801879931676147,-439.80632030591926
2018-09-28,0.0091667039719422,0.15259050302230873,-429.79520591184587
2018-10-08,-0.0329071629086602,0.1947998544927483,-370.95424697056
2018-10-09,0.003411537454284165,0.195186639692959,-370.53167904883355
2018-10-10,0.004042054321042616,0.19186960844124148,-397.51562160520473
2018-10-11,-0.06776458609155689,0.3044039024119655,-335.12601467442903
2018-10-12,-0.0016409061409382454,0.304440373852607,-400.4889314024707
2018-10-15,-0.014958596292937158,0.30598705825865646,-490.1732364768222
2018-10-16,-0.010273325905931307,0.3054068200595516,-575.7009616409948
2018-10-17,0.009325423241830475,0.30862014106918295,-644.2509962068932
2018-10-18,-0.031077234997255437,0.3234217777272725,-721.6623907439852
2018-10-19,0.021009700829194067,0.33092261766690034,-813.9924127855809
2018-10-22,0.040951211571578036,0.368221662488377,-770.8314372794191
2018-10-23,-0.016026090636024733,0.3701584450779057,-795.5989403529197
2018-10-24,0.0072564069038168096,0.36466948128092874,-847.1973001820737
2018-10-25,0.002152508952437152,0.36185464879887785,-907.3739997257696
2018-10-26,0.00681247378182505,0.3634759513756239,-947.0278075635513
2018-10-29,-0.012735607641379506,0.355175543907213,-1062.199166407766
2018-10-30,0.013294540530945026,0.36077046317045713,-1115.7565296852215
2018-10-31,0.009748301285726508,0.3628266111238924,-1173.5348334780092
2018-11-01,-0.0009783388799403064,0.36233013114737506,-1235.0937120508072
2018-11-02,0.019905201455594115,0.3690782833744736,-1277.9727804288923
2018-11-05,0.004134379960079126,0.35164161805413113,-1351.5744693797067
2018-11-06,-8.883380623780819e-05,0.3513220470590051,-1373.8586501298334
2018-11-07,-0.004101837660723639,0.3510085328373236,-1391.5863033821101
2018-11-08,0.0018637286186007304,0.2478848303324625,-1840.6222467159291
2018-11-09,-0.008183284955195571,0.25031529561690674,-1690.7589777536073
2018-11-12,0.022828825413304117,0.25248606077054103,-1478.943030995099
2018-11-13,0.01780221434774409,0.2514095817105031,-1241.425769097067
2018-11-14,-0.0046720747429587,0.25326220275077593,-1017.2514119166055
2018-11-15,0.013474394754033487,0.21705325778028875,-850.4364407506494
2018-11-16,0.00890804781255796,0.21064421433637479,-573.0270528132397
2018-11-19,0.008847322682255184,0.16641159327923188,-470.7354324881086
2018-11-20,-0.024274063496518047,0.1817787226730484,-192.32448927963932
2018-11-21,0.006677944784085508,0.18165704624992127,47.80620137015265
2018-11-22,-0.00025547869214417374,0.18219460136569096,272.2025403694166
2018-11-23,-0.03505573729187075,0.2282615871629373,322.02673365651594
2018-11-26,0.0015770687052719585,0.2216849928129864,476.4230180544187
2018-11-27,0.003932251931180617,0.2181419236265439,619.1641864215625
2018-11-28,0.010007594894782217,0.21826433705901527,747.9119227611704
2018-11-29,-0.020054210837201884,0.23192851763495753,790.9096383253603
2018-11-30,0.0058320995275455215,0.22201337995150866,864.1318526623854
2018-12-03,0.025899687536803512,0.23954191093966154,866.1288784613961
2018-12-04,0.008430177077179002,0.24067571844650665,940.3039691502261
2018-12-05,-0.008818216437936335,0.2428276029906134,1013.3451207199854
2018-12-06,-0.015789105057659774,0.25066513240845756,1020.0461370245669
2018-12-07,0.0015657414953853242,0.24838076524212332,1087.1218888606352
2018-12-10,-0.010626075539096383,0.23817688240973287,1124.4990024091596
2018-12-11,0.005108774398072378,0.2294629431158267,1110.1182462887712
2018-12-12,0.0016528527827061863,0.22920559371421106,1069.7252018452643
2018-12-13,0.009333756018209353,0.22627436856310845,1022.2361233496142
2018-12-14,-0.021428651219824332,0.23439187683830395,879.1601602395028
2018-12-17,0.004145783486332874,0.23198896346703854,760.2128884250149
2018-12-18,-0.00879285926282095,0.21895402610988568,711.5040058157358
2018-12-19,-0.009001941291843079,0.2179422022136517,601.6946939818271
2018-12-20,-0.0004921451376748584,0.21790980927564432,497.8542897814291
2018-12-21,-0.009322053761351333,0.18355740515440555,561.8514813567266
2018-12-24,0.003725363663832439,0.18416790629382185,554.3691192162212
2018-12-25,-0.01224374740245497,0.18707684476345077,496.47423469630735
2018-12-26,0.0011795790111024298,0.18209251394817674,434.5547488524847
2018-12-27,-0.011925452074056602,0.17378670664551735,407.7843545568244
2018-12-28,0.0033288093743468186,0.1724978278497718,361.16203573833275
2019-01-02,-0.006496330495015802,0.13721824774851152,214.8645228830609
2019-01-03,0.0030928417134807266,0.13210958353920274,-49.82353656965254
2019-01-04,0.02418298470427706,0.1644274720612086,-167.18110618665457
2019-01-07,0.013782397626279131,0.166082784544793,-281.1489470626379
2019-01-08,-0.00017240161996265175,0.16584641842295442,-405.1308471953161
2019-01-09,0.005018654359035156,0.16313884750120783,-504.19423654478396
2019-01-10,-0.002066809130512184,0.1619875449623694,-635.5817872124111
2019-01-11,0.008096067706482652,0.16477975363766553,-727.0917534168167
2019-01-14,-0.0047180371949109,0.1613949153311126,-926.5719412114081
2019-01-15,0.008823551363448172,0.14556971923072862,-1096.0715880782768
2019-01-16,-0.0024992696775066893,0.14527749846518326,-1138.8687287980308
2019-01-17,-0.005778589883254095,0.14318864765817227,-1197.4878558529424
2019-01-18,0.010007878976417585,0.14266304452759437,-1171.0963215449335
2019-01-21,0.005301833900818051,0.14319201103095458,-1116.8011319111313
2019-01-22,-0.010317654938069062,0.14423587382354275,-1041.519672032382
2019-01-23,0.0021561363494095546,0.14402448186937467,-1001.0207856936241
2019-01-24,0.004046541538478612,0.13481374482879138,-943.1283644567484
2019-01-25,-0.0018865190216198061,0.13557444970329896,-809.0843584961885
2019-01-28,-0.0065026958690418725,0.12935848281991186,-682.5038817870162
2019-01-29,-0.011168094361748178,0.13788732529248607,-502.28329437161136
2019-01-30,-0.011861294846201156,0.14329763089426326,-351.37473210437685
2019-01-31,-0.007969307611924076,0.14687599478792518,-246.40060062631375
2019-02-01,0.017444174853687593,0.13404905133162465,-222.27062683908545
2019-02-11,0.01699545078771491,0.13868098088243333,-175.74507942555897
2019-02-12,0.011953815165691009,0.1442964192406114,-109.03943481621846
2019-02-13,0.016422221962148886,0.15361910183144958,6.1765322282189965
2019-02-14,0.001792113686717025,0.15293196787281774,150.80343885881481
2019-02-15,-0.006951332640889081,0.15431988324928048,238.20758474320903
2019-02-18,0.028521723387276057,0.18016970345375044,374.2934136018167
2019-02-19,0.003452350461578378,0.1788419226128103,537.8101431409651
2019-02-20,0.004182108007406725,0.17785633839178863,730.477199602576
2019-02-21,-0.004103618342715566,0.1768574011283641,907.090490096189
2019-02-22,0.01758010114441934,0.18273863029635198,1060.1516841430207
2019-02-25,0.05256292158097717,0.25269141944586904,975.4651234585015
2019-02-26,-0.0060043472694132835,0.24948197156142038,1185.4283423729844
2019-02-27,0.0026759939440477378,0.24938162729377192,1384.2920336442057
2019-02-28,-0.0012298708671366568,0.25064651228657747,1566.1186069800638
2019-03-01,0.011956407496882914,0.2498347320275994,1794.0966935580102
2019-03-04,0.012838739804109893,0.24589888277418154,2072.2149185251815
2019-03-05,0.017642331502533297,0.23810236150790218,2463.2683031181664
2019-03-06,0.02061389188914651,0.2282557594484898,3000.644985497344
2019-03-07,0.011120144333430242,0.21755539540280713,3653.163823073563
2019-03-08,-0.05155203193863829,0.3104582206050878,2799.4319653471066
2019-03-11,0.028881571768016787,0.3177943648106246,2969.397104410573
2019-03-12,0.014324051548793468,0.31823543985711966,3199.4116278306424
2019-03-13,-0.013809571811364356,0.3265364502435628,3290.159488163234
2019-03-14,-0.02234311661792802,0.34270060445786255,3268.818278777621
2019-03-15,0.015098811262511787,0.3405643855958536,3457.455867774297
2019-03-18,0.020864422416274734,0.3352250914499566,3666.0924197260774
2019-03-19,0.0015691916991695829,0.33553636511988233,3799.4888160965065
2019-03-20,0.002871766948781537,0.33569604932987573,3933.1229425220026
2019-03-21,0.007996507390627084,0.3333289359393316,4111.345737621258
2019-03-22,0.0030336400150268858,0.331304129414868,4253.759737784362
2019-03-25,-0.015038322018141616,0.2909695387059356,4835.525646169526
2019-03-26,-0.021629851910191133,0.30249483749878714,4617.722332772925
2019-03-27,0.005776193519786491,0.30274679674336313,4585.6372881026455
2019-03-28,-0.01486114477837212,0.30875098671056495,4441.829259487639
2019-03-29,0.026451886695951048,0.3192058176737977,4257.60149539476
2019-04-01,0.029109424209147257,0.3312000710159709,4075.040390319195
2019-04-02,0.003728033600530082,0.32686613618631183,4070.884130707908
2019-04-03,0.015245966373603063,0.3234825761203024,4029.5874633091917
2019-04-04,0.008530757780510373,0.3226801936122776,3945.976104325992
2019-04-08,0.00024432343563561516,0.2530929353264256,5071.008132558223
2019-04-09,0.0011501428521005542,0.23671241763642134,5394.777536744007
2019-04-10,0.0025089044983643543,0.2331799176380227,5411.166390804085
2019-04-11,-0.012453138411674362,0.23194294341748276,5393.655503808856
2019-04-12,-7.129013765063647e-05,0.21245821538162163,5907.9318933940685
2019-04-15,-0.004937474934499498,0.21047864024340246,5930.135389937549
2019-04-16,0.022779103178578224,0.2127311566297344,5814.553384014159
2019-04-17,0.007932094323310346,0.21332196272610668,5767.318333960282
2019-04-18,-0.007332666861919757,0.21671701171666755,5617.7285008203
2019-04-19,0.0074458114512313996,0.21655427493626594,5548.502026510267
2019-04-22,-0.01850180233424466,0.22946003723763259,5125.909275937453
2019-04-23,-0.014064018732842515,0.22853574999649193,5056.733282871818
2019-04-24,0.007019742737983833,0.2114823199155842,5445.3574832780605
2019-04-25,-0.03571746555995583,0.25234212055502964,4465.1371090501325
2019-04-26,-0.013816066556640775,0.25148513263434863,4399.5085849018615
2019-04-29,-0.021975610091275886,0.24583807037261207,4300.509674508824
2019-04-30,0.009073427906944577,0.22227807971921665,4454.848484913654
